"","X.1","X","sampleID","collectDate","incubationPairID","soilAmmoniumNugPerGram","soilNitrateNitriteNugPerGram","soilInorganicNugPerGram","netNminugPerGramPerDay","netNitugPerGramPerDay","siteID","siteID_tosplit","plotID","soilHorizon","BD.plot.mean","BD.site.mean","bulkdensity","sample.area.cm2","sample.volume","g.soil","InorganicN.ugm2","InorganicN.ugHectare","InorganicN.gHectare","InorganicN.kgHectare"
"1",1,1,"BONA_001-M-15-34-20190830","2019-08-30 20:58:00","BONA_001-M-15-34",0.783,0.885,1.668,-0.022,-0.006,"BONA","BONA_001-M","BONA_001","M",NA,0.691314285714286,0.691314285714286,10000,3e+05,207394.285714286,345933.668571429,3459336685.71429,3459.33668571429,3.45933668571429
"2",2,2,"BONA_001-M-26-4.5-20190830","2019-08-30 19:00:00","BONA_001-M-26-4.5",1.444,0.725,2.169,NA,NA,"BONA","BONA_001-M","BONA_001","M",NA,0.691314285714286,0.691314285714286,10000,3e+05,207394.285714286,449838.205714286,4498382057.14286,4498.38205714286,4.49838205714286
"3",3,3,"BONA_001-M-28-37.5-20190830","2019-08-30 20:07:00","BONA_001-M-28-37.5",1.236,1.07,2.307,0,0.033,"BONA","BONA_001-M","BONA_001","M",NA,0.691314285714286,0.691314285714286,10000,3e+05,207394.285714286,478458.617142857,4784586171.42857,4784.58617142857,4.78458617142857
"4",4,4,"BONA_001-O-15-34-20190830","2019-08-30 20:58:00","BONA_001-O-15-34",3.952,3.718,7.67,-0.266,-0.138,"BONA","BONA_001-O","BONA_001","O",NA,0.691314285714286,0.691314285714286,10000,3e+05,207394.285714286,1590714.17142857,15907141714.2857,15907.1417142857,15.9071417142857
"5",5,5,"BONA_001-O-26-4.5-20190830","2019-08-30 19:00:00","BONA_001-O-26-4.5",6.686,4.034,10.719,5.141,0.022,"BONA","BONA_001-O","BONA_001","O",NA,0.691314285714286,0.691314285714286,10000,3e+05,207394.285714286,2223059.34857143,22230593485.7143,22230.5934857143,22.2305934857143
"6",6,6,"BONA_001-O-28-37.5-20190830","2019-08-30 20:07:00","BONA_001-O-28-37.5",23.134,1.107,24.241,-1.06,0.006,"BONA","BONA_001-O","BONA_001","O",NA,0.691314285714286,0.691314285714286,10000,3e+05,207394.285714286,5027444.88,50274448800,50274.4488,50.2744488
"7",7,7,"BONA_002-M-18.5-36-20190828","2019-08-29 02:03:00","BONA_002-M-18.5-36",3.42,0.723,4.143,-0.11,0.025,"BONA","BONA_002-M","BONA_002","M",NA,0.691314285714286,0.691314285714286,10000,3e+05,207394.285714286,859234.525714286,8592345257.14286,8592.34525714286,8.59234525714286
"8",8,8,"BONA_002-M-33.5-34.5-20190828","2019-08-29 02:35:00","BONA_002-M-33.5-34.5",2.019,0.433,2.453,-0.037,0.025,"BONA","BONA_002-M","BONA_002","M",NA,0.691314285714286,0.691314285714286,10000,3e+05,207394.285714286,508738.182857143,5087381828.57143,5087.38182857143,5.08738182857143
"9",9,9,"BONA_002-M-6-8.5-20190828","2019-08-29 01:26:00","BONA_002-M-6-8.5",2.705,0.3,3.005,-0.049,0.024,"BONA","BONA_002-M","BONA_002","M",NA,0.691314285714286,0.691314285714286,10000,3e+05,207394.285714286,623219.828571429,6232198285.71429,6232.19828571429,6.23219828571429
"10",10,10,"BONA_002-O-18.5-36-20190828","2019-08-29 02:03:00","BONA_002-O-18.5-36",29.661,2.083,31.745,-0.494,-0.018,"BONA","BONA_002-O","BONA_002","O",NA,0.691314285714286,0.691314285714286,10000,3e+05,207394.285714286,6583731.6,65837316000,65837.316,65.837316
"11",11,11,"BONA_002-O-33.5-34.5-20190828","2019-08-29 02:35:00","BONA_002-O-33.5-34.5",10.127,1.008,11.135,0.569,0.056,"BONA","BONA_002-O","BONA_002","O",NA,0.691314285714286,0.691314285714286,10000,3e+05,207394.285714286,2309335.37142857,23093353714.2857,23093.3537142857,23.0933537142857
"12",12,12,"BONA_002-O-6-8.5-20190828","2019-08-29 01:26:00","BONA_002-O-6-8.5",4.366,0.723,5.09,0.194,-0.01,"BONA","BONA_002-O","BONA_002","O",NA,0.691314285714286,0.691314285714286,10000,3e+05,207394.285714286,1055636.91428571,10556369142.8571,10556.3691428571,10.5563691428571
"13",13,13,"BONA_004-M-13.5-32.5-20190830","2019-08-30 19:09:00","BONA_004-M-13.5-32.5",0.755,0.691,1.446,-0.023,0.002,"BONA","BONA_004-M","BONA_004","M",NA,0.691314285714286,0.691314285714286,10000,3e+05,207394.285714286,299892.137142857,2998921371.42857,2998.92137142857,2.99892137142857
"14",14,14,"BONA_004-M-17-6.5-20190830","2019-08-30 20:06:00","BONA_004-M-17-6.5",0.743,0.53,1.273,0.056,0.075,"BONA","BONA_004-M","BONA_004","M",NA,0.691314285714286,0.691314285714286,10000,3e+05,207394.285714286,264012.925714286,2640129257.14286,2640.12925714286,2.64012925714286
"15",15,15,"BONA_004-M-23.5-6.5-20190830","2019-08-30 20:52:00","BONA_004-M-23.5-6.5",0.61,0.514,1.124,-0.001,0.019,"BONA","BONA_004-M","BONA_004","M",NA,0.691314285714286,0.691314285714286,10000,3e+05,207394.285714286,233111.177142857,2331111771.42857,2331.11177142857,2.33111177142857
"16",16,16,"BONA_004-O-13.5-32.5-20190830","2019-08-30 19:09:00","BONA_004-O-13.5-32.5",1.759,5.913,7.671,-0.245,-0.266,"BONA","BONA_004-O","BONA_004","O",NA,0.691314285714286,0.691314285714286,10000,3e+05,207394.285714286,1590921.56571429,15909215657.1429,15909.2156571429,15.9092156571429
"17",17,17,"BONA_004-O-17-6.5-20190830","2019-08-30 20:06:00","BONA_004-O-17-6.5",1.138,0.755,1.893,-0.005,-0.015,"BONA","BONA_004-O","BONA_004","O",NA,0.691314285714286,0.691314285714286,10000,3e+05,207394.285714286,392597.382857143,3925973828.57143,3925.97382857143,3.92597382857143
"18",18,18,"BONA_004-O-23.5-6.5-20190830","2019-08-30 20:52:00","BONA_004-O-23.5-6.5",0.839,0.309,1.148,0.083,0.041,"BONA","BONA_004-O","BONA_004","O",NA,0.691314285714286,0.691314285714286,10000,3e+05,207394.285714286,238088.64,2380886400,2380.8864,2.3808864
"19",19,19,"BONA_006-M-2-31.5-20190828","2019-08-28 19:52:00","BONA_006-M-2-31.5",0.637,0.778,1.415,-0.019,-0.009,"BONA","BONA_006-M","BONA_006","M",NA,0.691314285714286,0.691314285714286,10000,3e+05,207394.285714286,293462.914285714,2934629142.85714,2934.62914285714,2.93462914285714
"20",20,20,"BONA_006-M-24.5-34.5-20190828","2019-08-28 20:51:00","BONA_006-M-24.5-34.5",2.637,2.458,5.095,-0.019,0.062,"BONA","BONA_006-M","BONA_006","M",NA,0.691314285714286,0.691314285714286,10000,3e+05,207394.285714286,1056673.88571429,10566738857.1429,10566.7388571429,10.5667388571429
"21",21,21,"BONA_006-M-34.5-17.5-20190828","2019-08-28 21:46:00","BONA_006-M-34.5-17.5",0.951,0.693,1.644,0.069,0.036,"BONA","BONA_006-M","BONA_006","M",NA,0.691314285714286,0.691314285714286,10000,3e+05,207394.285714286,340956.205714286,3409562057.14286,3409.56205714286,3.40956205714286
"22",22,22,"BONA_006-O-2-31.5-20190828","2019-08-28 19:52:00","BONA_006-O-2-31.5",1.293,1.164,2.457,0.048,0.059,"BONA","BONA_006-O","BONA_006","O",NA,0.691314285714286,0.691314285714286,10000,3e+05,207394.285714286,509567.76,5095677600,5095.6776,5.0956776
"23",23,23,"BONA_006-O-24.5-34.5-20190828","2019-08-28 20:51:00","BONA_006-O-24.5-34.5",2.131,0.997,3.128,0.215,0.252,"BONA","BONA_006-O","BONA_006","O",NA,0.691314285714286,0.691314285714286,10000,3e+05,207394.285714286,648729.325714286,6487293257.14286,6487.29325714286,6.48729325714286
"24",24,24,"BONA_006-O-34.5-17.5-20190828","2019-08-28 21:46:00","BONA_006-O-34.5-17.5",1.185,0.63,1.815,0.148,0.063,"BONA","BONA_006-O","BONA_006","O",NA,0.691314285714286,0.691314285714286,10000,3e+05,207394.285714286,376420.628571429,3764206285.71429,3764.20628571429,3.76420628571429
"25",25,25,"BONA_009-M-2.5-24.5-20190828","2019-08-29 03:20:00","BONA_009-M-2.5-24.5",1.204,0.532,1.736,0.071,0.094,"BONA","BONA_009-M","BONA_009","M",NA,0.691314285714286,0.691314285714286,10000,3e+05,207394.285714286,360036.48,3600364800,3600.3648,3.6003648
"26",26,26,"BONA_009-M-31.5-32.5-20190828","2019-08-29 02:30:00","BONA_009-M-31.5-32.5",0.726,0.96,1.686,0.02,-0.003,"BONA","BONA_009-M","BONA_009","M",NA,0.691314285714286,0.691314285714286,10000,3e+05,207394.285714286,349666.765714286,3496667657.14286,3496.66765714286,3.49666765714286
"27",27,27,"BONA_009-M-32-16-20190828","2019-08-29 02:00:00","BONA_009-M-32-16",1.322,0.528,1.85,-0.01,0.017,"BONA","BONA_009-M","BONA_009","M",NA,0.691314285714286,0.691314285714286,10000,3e+05,207394.285714286,383679.428571429,3836794285.71429,3836.79428571429,3.83679428571429
"28",28,28,"BONA_009-O-2.5-24.5-20190828","2019-08-29 03:20:00","BONA_009-O-2.5-24.5",1.85,0.926,2.776,4.764,0.024,"BONA","BONA_009-O","BONA_009","O",NA,0.691314285714286,0.691314285714286,10000,3e+05,207394.285714286,575726.537142857,5757265371.42857,5757.26537142857,5.75726537142857
"29",29,29,"BONA_009-O-31.5-32.5-20190828","2019-08-29 02:30:00","BONA_009-O-31.5-32.5",1.116,0.73,1.845,0.067,0.063,"BONA","BONA_009-O","BONA_009","O",NA,0.691314285714286,0.691314285714286,10000,3e+05,207394.285714286,382642.457142857,3826424571.42857,3826.42457142857,3.82642457142857
"30",30,30,"BONA_009-O-32-16-20190828","2019-08-29 02:00:00","BONA_009-O-32-16",2.315,0.71,3.025,0.299,0.029,"BONA","BONA_009-O","BONA_009","O",NA,0.691314285714286,0.691314285714286,10000,3e+05,207394.285714286,627367.714285714,6273677142.85714,6273.67714285714,6.27367714285714
"31",31,31,"BONA_013-M-11.5-2.5-20190828","2019-08-28 22:14:00","BONA_013-M-11.5-2.5",0.83,0.341,1.171,0.015,0.031,"BONA","BONA_013-M","BONA_013","M",NA,0.691314285714286,0.691314285714286,10000,3e+05,207394.285714286,242858.708571429,2428587085.71429,2428.58708571429,2.42858708571429
"32",32,32,"BONA_013-M-19-30.5-20190828","2019-08-28 21:25:00","BONA_013-M-19-30.5",0.491,0.304,0.795,-0.001,0.005,"BONA","BONA_013-M","BONA_013","M",NA,0.691314285714286,0.691314285714286,10000,3e+05,207394.285714286,164878.457142857,1648784571.42857,1648.78457142857,1.64878457142857
"33",33,33,"BONA_013-M-31-29.5-20190828","2019-08-28 20:23:00","BONA_013-M-31-29.5",0.561,0.608,1.169,0.036,0.036,"BONA","BONA_013-M","BONA_013","M",NA,0.691314285714286,0.691314285714286,10000,3e+05,207394.285714286,242443.92,2424439200,2424.4392,2.4244392
"34",34,34,"BONA_013-O-11.5-2.5-20190828","2019-08-28 22:14:00","BONA_013-O-11.5-2.5",3.386,0.635,4.021,0.232,0.04,"BONA","BONA_013-O","BONA_013","O",NA,0.691314285714286,0.691314285714286,10000,3e+05,207394.285714286,833932.422857143,8339324228.57143,8339.32422857143,8.33932422857143
"35",35,35,"BONA_013-O-19-30.5-20190828","2019-08-28 21:25:00","BONA_013-O-19-30.5",3.434,1.156,4.59,0.396,-0.017,"BONA","BONA_013-O","BONA_013","O",NA,0.691314285714286,0.691314285714286,10000,3e+05,207394.285714286,951939.771428572,9519397714.28572,9519.39771428571,9.51939771428571
"36",36,36,"BONA_013-O-31-29.5-20190828","2019-08-28 20:23:00","BONA_013-O-31-29.5",1.431,0.767,2.198,0.043,-0.001,"BONA","BONA_013-O","BONA_013","O",NA,0.691314285714286,0.691314285714286,10000,3e+05,207394.285714286,455852.64,4558526400,4558.5264,4.5585264
"37",37,37,"BONA_070-M-26-8.5-20190826","2019-08-26 22:20:00","BONA_070-M-26-8.5",0.612,2.497,3.108,-0.016,-0.014,"BONA","BONA_070-M","BONA_070","M",NA,0.691314285714286,0.691314285714286,10000,3e+05,207394.285714286,644581.44,6445814400,6445.8144,6.4458144
"38",38,38,"BONA_070-M-3-13.5-20190826","2019-08-26 23:55:00","BONA_070-M-3-13.5",1.536,3.271,4.806,-0.004,-0.04,"BONA","BONA_070-M","BONA_070","M",NA,0.691314285714286,0.691314285714286,10000,3e+05,207394.285714286,996736.937142857,9967369371.42857,9967.36937142857,9.96736937142857
"39",39,39,"BONA_070-M-30-21.5-20190826","2019-08-26 23:15:00","BONA_070-M-30-21.5",1.241,4.143,5.384,-0.06,-0.073,"BONA","BONA_070-M","BONA_070","M",NA,0.691314285714286,0.691314285714286,10000,3e+05,207394.285714286,1116610.83428571,11166108342.8571,11166.1083428571,11.1661083428571
"40",40,40,"BONA_070-O-26-8.5-20190826","2019-08-26 22:20:00","BONA_070-O-26-8.5",1.138,1.404,2.543,0.005,0.017,"BONA","BONA_070-O","BONA_070","O",NA,0.691314285714286,0.691314285714286,10000,3e+05,207394.285714286,527403.668571429,5274036685.71429,5274.03668571429,5.27403668571429
"41",41,41,"BONA_070-O-3-13.5-20190826","2019-08-26 23:55:00","BONA_070-O-3-13.5",0.23,21.184,21.414,-0.847,-0.863,"BONA","BONA_070-O","BONA_070","O",NA,0.691314285714286,0.691314285714286,10000,3e+05,207394.285714286,4441141.23428572,44411412342.8571,44411.4123428571,44.4114123428571
"42",42,42,"BONA_070-O-30-21.5-20190826","2019-08-26 23:15:00","BONA_070-O-30-21.5",0.776,4.443,5.219,-0.095,-0.077,"BONA","BONA_070-O","BONA_070","O",NA,0.691314285714286,0.691314285714286,10000,3e+05,207394.285714286,1082390.77714286,10823907771.4286,10823.9077714286,10.8239077714286
"43",43,43,"BONA_071-M-37-8.5-20190826","2019-08-26 19:34:00","BONA_071-M-37-8.5",1.615,0.96,2.575,0.057,0.087,"BONA","BONA_071-M","BONA_071","M",NA,0.691314285714286,0.691314285714286,10000,3e+05,207394.285714286,534040.285714286,5340402857.14286,5340.40285714286,5.34040285714286
"44",44,44,"BONA_071-M-39-31.5-20190826","2019-08-26 20:22:00","BONA_071-M-39-31.5",0.329,0.951,1.28,-0.022,-0.006,"BONA","BONA_071-M","BONA_071","M",NA,0.691314285714286,0.691314285714286,10000,3e+05,207394.285714286,265464.685714286,2654646857.14286,2654.64685714286,2.65464685714286
"45",45,45,"BONA_071-M-6.5-19-20190826","2019-08-26 18:43:00","BONA_071-M-6.5-19",0.446,1.441,1.886,-0.031,-0.013,"BONA","BONA_071-M","BONA_071","M",NA,0.691314285714286,0.691314285714286,10000,3e+05,207394.285714286,391145.622857143,3911456228.57143,3911.45622857143,3.91145622857143
"46",46,46,"BONA_071-O-37-8.5-20190826","2019-08-26 19:34:00","BONA_071-O-37-8.5",1.059,1.186,2.245,0.121,0.132,"BONA","BONA_071-O","BONA_071","O",NA,0.691314285714286,0.691314285714286,10000,3e+05,207394.285714286,465600.171428572,4656001714.28572,4656.00171428572,4.65600171428571
"47",47,47,"BONA_071-O-39-31.5-20190826","2019-08-26 20:22:00","BONA_071-O-39-31.5",1.442,1.087,2.529,0.011,0.023,"BONA","BONA_071-O","BONA_071","O",NA,0.691314285714286,0.691314285714286,10000,3e+05,207394.285714286,524500.148571429,5245001485.71429,5245.00148571429,5.24500148571429
"48",48,48,"BONA_071-O-6.5-19-20190826","2019-08-26 18:43:00","BONA_071-O-6.5-19",1.571,2.037,3.608,-0.041,-0.032,"BONA","BONA_071-O","BONA_071","O",NA,0.691314285714286,0.691314285714286,10000,3e+05,207394.285714286,748278.582857143,7482785828.57143,7482.78582857143,7.48278582857143
"49",49,49,"BONA_080-M-30-6-20190826","2019-08-27 00:01:00","BONA_080-M-30-6",0.155,1.605,1.759,0.056,0.057,"BONA","BONA_080-M","BONA_080","M",NA,0.691314285714286,0.691314285714286,10000,3e+05,207394.285714286,364806.548571429,3648065485.71429,3648.06548571429,3.64806548571429
"50",50,50,"BONA_080-M-5-9-20190826","2019-08-26 22:23:00","BONA_080-M-5-9",0.481,0.931,1.411,-0.028,-0.015,"BONA","BONA_080-M","BONA_080","M",NA,0.691314285714286,0.691314285714286,10000,3e+05,207394.285714286,292633.337142857,2926333371.42857,2926.33337142857,2.92633337142857
"51",51,51,"BONA_080-M-8.5-24-20190826","2019-08-26 23:09:00","BONA_080-M-8.5-24",0.414,1.392,1.806,0.004,-0.015,"BONA","BONA_080-M","BONA_080","M",NA,0.691314285714286,0.691314285714286,10000,3e+05,207394.285714286,374554.08,3745540800,3745.5408,3.7455408
"52",52,52,"BONA_080-O-30-6-20190826","2019-08-26 23:59:00","BONA_080-O-30-6",0.943,2.945,3.888,0.077,0.057,"BONA","BONA_080-O","BONA_080","O",NA,0.691314285714286,0.691314285714286,10000,3e+05,207394.285714286,806348.982857143,8063489828.57143,8063.48982857143,8.06348982857143
"53",53,53,"BONA_080-O-5-9-20190826","2019-08-26 22:21:00","BONA_080-O-5-9",0.89,1.198,2.088,0,-0.023,"BONA","BONA_080-O","BONA_080","O",NA,0.691314285714286,0.691314285714286,10000,3e+05,207394.285714286,433039.268571429,4330392685.71429,4330.39268571429,4.33039268571429
"54",54,54,"BONA_080-O-8.5-24-20190826","2019-08-26 23:09:00","BONA_080-O-8.5-24",0.567,0.975,1.542,-0.008,-0.01,"BONA","BONA_080-O","BONA_080","O",NA,0.691314285714286,0.691314285714286,10000,3e+05,207394.285714286,319801.988571429,3198019885.71429,3198.01988571429,3.19801988571429
"55",55,55,"BONA_084-M-13.5-34-20190830","2019-08-31 00:26:00","BONA_084-M-13.5-34",0.831,0.798,1.629,-0.02,0.014,"BONA","BONA_084-M","BONA_084","M",NA,0.691314285714286,0.691314285714286,10000,3e+05,207394.285714286,337845.291428571,3378452914.28571,3378.45291428571,3.37845291428571
"56",56,56,"BONA_084-M-20.5-9.5-20190830","2019-08-30 23:33:00","BONA_084-M-20.5-9.5",0.483,1.064,1.548,-0.052,-0.033,"BONA","BONA_084-M","BONA_084","M",NA,0.691314285714286,0.691314285714286,10000,3e+05,207394.285714286,321046.354285714,3210463542.85714,3210.46354285714,3.21046354285714
"57",57,57,"BONA_084-M-5-10.5-20190830","2019-08-30 11:30:00","BONA_084-M-5-10.5",0.563,0.265,0.828,-0.014,0.001,"BONA","BONA_084-M","BONA_084","M",NA,0.691314285714286,0.691314285714286,10000,3e+05,207394.285714286,171722.468571429,1717224685.71429,1717.22468571429,1.71722468571429
"58",58,58,"BONA_084-O-13.5-34-20190830","2019-08-31 00:26:00","BONA_084-O-13.5-34",1.61,0.447,2.057,0.126,0.091,"BONA","BONA_084-O","BONA_084","O",NA,0.691314285714286,0.691314285714286,10000,3e+05,207394.285714286,426610.045714286,4266100457.14286,4266.10045714286,4.26610045714286
"59",59,59,"BONA_084-O-20.5-9.5-20190830","2019-08-30 23:33:00","BONA_084-O-20.5-9.5",5.995,0.733,6.728,-0.261,-0.006,"BONA","BONA_084-O","BONA_084","O",NA,0.691314285714286,0.691314285714286,10000,3e+05,207394.285714286,1395348.75428571,13953487542.8571,13953.4875428571,13.9534875428571
"60",60,60,"BONA_084-O-5-10.5-20190830","2019-08-30 11:30:00","BONA_084-O-5-10.5",3.667,0.449,4.115,0.107,0.047,"BONA","BONA_084-O","BONA_084","O",NA,0.691314285714286,0.691314285714286,10000,3e+05,207394.285714286,853427.485714286,8534274857.14286,8534.27485714286,8.53427485714286
"61",61,61,"DEJU_001-M-2-34.5-20180619","2018-06-19 19:36:00","DEJU_001-M-2-34.5",NA,NA,NA,NA,NA,"DEJU","DEJU_001-M","DEJU_001","M",NA,1.173125,1.173125,10000,3e+05,351937.5,NA,NA,NA,NA
"62",62,62,"DEJU_001-M-20.5-37.5-20180619","2018-06-19 20:24:00","DEJU_001-M-20.5-37.5",NA,NA,NA,NA,NA,"DEJU","DEJU_001-M","DEJU_001","M",NA,1.173125,1.173125,10000,3e+05,351937.5,NA,NA,NA,NA
"63",63,63,"DEJU_001-M-21-20230628","2023-06-29 02:24:00","DEJU_001-M-21-peakGreenness-2023",0.673,0.021,0.694,-0.004,-0.001,"DEJU","DEJU_001-M","DEJU_001","M",NA,1.173125,1.173125,10000,3e+05,351937.5,244244.625,2442446250,2442.44625,2.44244625
"64",64,64,"DEJU_001-M-23-20230628","2023-06-29 02:48:00","DEJU_001-M-23-peakGreenness-2023",0.69,1.714,2.404,-0.046,-0.038,"DEJU","DEJU_001-M","DEJU_001","M",NA,1.173125,1.173125,10000,3e+05,351937.5,846057.75,8460577500,8460.5775,8.4605775
"65",65,65,"DEJU_001-M-24.5-6.5-20180619","2018-06-19 21:04:00","DEJU_001-M-24.5-6.5",NA,NA,NA,NA,NA,"DEJU","DEJU_001-M","DEJU_001","M",NA,1.173125,1.173125,10000,3e+05,351937.5,NA,NA,NA,NA
"66",66,66,"DEJU_001-M-41-20230628","2023-06-29 03:03:00","DEJU_001-M-41-peakGreenness-2023",0.55,0.607,1.157,0.039,0.022,"DEJU","DEJU_001-M","DEJU_001","M",NA,1.173125,1.173125,10000,3e+05,351937.5,407191.6875,4071916875,4071.916875,4.071916875
"67",67,67,"DEJU_001-O-2-34.5-20180619","2018-06-19 19:09:00","DEJU_001-O-2-34.5",NA,NA,NA,NA,NA,"DEJU","DEJU_001-O","DEJU_001","O",NA,1.173125,1.173125,10000,3e+05,351937.5,NA,NA,NA,NA
"68",68,68,"DEJU_001-O-20.5-37.5-20180619","2018-06-19 20:04:00","DEJU_001-O-20.5-37.5",NA,NA,NA,NA,NA,"DEJU","DEJU_001-O","DEJU_001","O",NA,1.173125,1.173125,10000,3e+05,351937.5,NA,NA,NA,NA
"69",69,69,"DEJU_001-O-24.5-6.5-20180619","2018-06-19 20:48:00","DEJU_001-O-24.5-6.5",NA,NA,NA,NA,NA,"DEJU","DEJU_001-O","DEJU_001","O",NA,1.173125,1.173125,10000,3e+05,351937.5,NA,NA,NA,NA
"70",70,70,"DEJU_002-M-12.5-31-20180619","2018-06-19 20:36:00","DEJU_002-M-12.5-31",0.087,0,0.087,0.112,0.108,"DEJU","DEJU_002-M","DEJU_002","M",NA,1.173125,1.173125,10000,3e+05,351937.5,30618.5625,306185625,306.185625,0.306185625
"71",71,71,"DEJU_002-M-21-20230629","2023-06-29 17:47:00","DEJU_002-M-21-peakGreenness-2023",0.619,0.94,1.559,-0.028,-0.018,"DEJU","DEJU_002-M","DEJU_002","M",NA,1.173125,1.173125,10000,3e+05,351937.5,548670.5625,5486705625,5486.705625,5.486705625
"72",72,72,"DEJU_002-M-21.5-30-20180619","2018-06-19 21:14:00","DEJU_002-M-21.5-30",0,2.515,2.515,-0.081,-0.11,"DEJU","DEJU_002-M","DEJU_002","M",NA,1.173125,1.173125,10000,3e+05,351937.5,885122.8125,8851228125,8851.228125,8.851228125
"73",73,73,"DEJU_002-M-23-20230629","2023-06-29 18:21:00","DEJU_002-M-23-peakGreenness-2023",0.503,1.214,1.717,0,-0.031,"DEJU","DEJU_002-M","DEJU_002","M",NA,1.173125,1.173125,10000,3e+05,351937.5,604276.6875,6042766875,6042.766875,6.042766875
"74",74,74,"DEJU_002-M-39-20230629","2023-06-29 16:48:00","DEJU_002-M-39-peakGreenness-2023",0.34,0.447,0.787,0.002,0.004,"DEJU","DEJU_002-M","DEJU_002","M",NA,1.173125,1.173125,10000,3e+05,351937.5,276974.8125,2769748125,2769.748125,2.769748125
"75",75,75,"DEJU_002-O-12.5-31-20180619","2018-06-19 20:14:00","DEJU_002-O-12.5-31",0.624,0.589,1.213,-0.01,-0.006,"DEJU","DEJU_002-O","DEJU_002","O",NA,1.173125,1.173125,10000,3e+05,351937.5,426900.1875,4269001875,4269.001875,4.269001875
"76",76,76,"DEJU_002-O-21.5-30-20180619","2018-06-19 21:08:00","DEJU_002-O-21.5-30",1.851,0.091,1.942,NA,NA,"DEJU","DEJU_002-O","DEJU_002","O",NA,1.173125,1.173125,10000,3e+05,351937.5,683462.625,6834626250,6834.62625,6.83462625
"77",77,77,"DEJU_002-O-39-20230629","2023-06-29 16:39:00","DEJU_002-O-39-peakGreenness-2023",1.269,1.49,2.759,-0.011,-0.036,"DEJU","DEJU_002-O","DEJU_002","O",NA,1.173125,1.173125,10000,3e+05,351937.5,970995.5625,9709955625,9709.955625,9.709955625
"78",78,78,"DEJU_002-O-9-18-20180619","2018-06-19 21:52:00","DEJU_002-O-9-18",0.94,0.929,1.869,-0.003,-0.028,"DEJU","DEJU_002-O","DEJU_002","O",NA,1.173125,1.173125,10000,3e+05,351937.5,657771.1875,6577711875,6577.711875,6.577711875
"79",79,79,"DEJU_006-M-2.5-37.5-20180618","2018-06-18 16:55:00","DEJU_006-M-2.5-37.5",0.507,0.019,0.526,0.084,0.019,"DEJU","DEJU_006-M","DEJU_006","M",NA,1.173125,1.173125,10000,3e+05,351937.5,185119.125,1851191250,1851.19125,1.85119125
"80",80,80,"DEJU_006-M-21-20230628","2023-06-28 22:59:00","DEJU_006-M-21-peakGreenness-2023",1.627,0.528,2.154,NA,NA,"DEJU","DEJU_006-M","DEJU_006","M",NA,1.173125,1.173125,10000,3e+05,351937.5,758073.375,7580733750,7580.73375,7.58073375
"81",81,81,"DEJU_006-M-25-32.5-20180618","2018-06-18 15:59:00","DEJU_006-M-25-32.5",1.114,0.104,1.218,NA,NA,"DEJU","DEJU_006-M","DEJU_006","M",NA,1.173125,1.173125,10000,3e+05,351937.5,428659.875,4286598750,4286.59875,4.28659875
"82",82,82,"DEJU_006-M-39-20230628","2023-06-29 01:21:00","DEJU_006-M-39-peakGreenness-2023",0.461,0.201,0.662,NA,NA,"DEJU","DEJU_006-M","DEJU_006","M",NA,1.173125,1.173125,10000,3e+05,351937.5,232982.625,2329826250,2329.82625,2.32982625
"83",83,83,"DEJU_006-M-39.5-1.5-20180618","2018-06-18 17:35:00","DEJU_006-M-39.5-1.5",1.847,0.594,2.441,-0.067,-0.004,"DEJU","DEJU_006-M","DEJU_006","M",NA,1.173125,1.173125,10000,3e+05,351937.5,859079.4375,8590794375,8590.794375,8.590794375
"84",84,84,"DEJU_006-M-41-20230628","2023-06-28 23:56:00","DEJU_006-M-41-peakGreenness-2023",0.503,0.499,1.002,-0.001,-0.011,"DEJU","DEJU_006-M","DEJU_006","M",NA,1.173125,1.173125,10000,3e+05,351937.5,352641.375,3526413750,3526.41375,3.52641375
"85",85,85,"DEJU_006-O-2.5-37.5-20180618","2018-06-18 16:43:00","DEJU_006-O-2.5-37.5",0.973,0.122,1.095,0.111,-0.006,"DEJU","DEJU_006-O","DEJU_006","O",NA,1.173125,1.173125,10000,3e+05,351937.5,385371.5625,3853715625,3853.715625,3.853715625
"86",86,86,"DEJU_006-O-21-20230628","2023-06-28 22:59:00","DEJU_006-O-21-peakGreenness-2023",5.734,3.441,9.175,0.34,-0.069,"DEJU","DEJU_006-O","DEJU_006","O",NA,1.173125,1.173125,10000,3e+05,351937.5,3229026.5625,32290265625,32290.265625,32.290265625
"87",87,87,"DEJU_006-O-25-32.5-20180618","2018-06-18 15:42:00","DEJU_006-O-25-32.5",1.371,0.521,1.892,NA,NA,"DEJU","DEJU_006-O","DEJU_006","O",NA,1.173125,1.173125,10000,3e+05,351937.5,665865.75,6658657500,6658.6575,6.6586575
"88",88,88,"DEJU_006-O-39-20230628","2023-06-29 01:21:00","DEJU_006-O-39-peakGreenness-2023",2.226,1.044,3.27,0.208,0.001,"DEJU","DEJU_006-O","DEJU_006","O",NA,1.173125,1.173125,10000,3e+05,351937.5,1150835.625,11508356250,11508.35625,11.50835625
"89",89,89,"DEJU_006-O-39.5-1.5-20180618","2018-06-18 17:22:00","DEJU_006-O-39.5-1.5",10.429,0,10.429,2.721,0.026,"DEJU","DEJU_006-O","DEJU_006","O",NA,1.173125,1.173125,10000,3e+05,351937.5,3670356.1875,36703561875,36703.561875,36.703561875
"90",90,90,"DEJU_006-O-41-20230628","2023-06-28 23:56:00","DEJU_006-O-41-peakGreenness-2023",1.943,0.481,2.424,0.114,0.026,"DEJU","DEJU_006-O","DEJU_006","O",NA,1.173125,1.173125,10000,3e+05,351937.5,853096.5,8530965000,8530.965,8.530965
"91",91,91,"DEJU_009-M-16.5-31.5-20180619","2018-06-19 22:39:00","DEJU_009-M-16.5-31.5",NA,NA,NA,NA,NA,"DEJU","DEJU_009-M","DEJU_009","M",NA,1.173125,1.173125,10000,3e+05,351937.5,NA,NA,NA,NA
"92",92,92,"DEJU_009-M-21-20230628","2023-06-28 21:15:00","DEJU_009-M-21-peakGreenness-2023",0.388,0.407,0.795,0.001,0.003,"DEJU","DEJU_009-M","DEJU_009","M",NA,1.173125,1.173125,10000,3e+05,351937.5,279790.3125,2797903125,2797.903125,2.797903125
"93",93,93,"DEJU_009-M-35.5-8-20180619","2018-06-20","DEJU_009-M-35.5-8",NA,NA,NA,NA,NA,"DEJU","DEJU_009-M","DEJU_009","M",NA,1.173125,1.173125,10000,3e+05,351937.5,NA,NA,NA,NA
"94",94,94,"DEJU_009-M-36.5-23.5-20180619","2018-06-19 23:18:00","DEJU_009-M-36.5-23.5",NA,NA,NA,NA,NA,"DEJU","DEJU_009-M","DEJU_009","M",NA,1.173125,1.173125,10000,3e+05,351937.5,NA,NA,NA,NA
"95",95,95,"DEJU_009-M-39-20230628","2023-06-28 20:37:00","DEJU_009-M-39-peakGreenness-2023",0.743,1.148,1.891,NA,NA,"DEJU","DEJU_009-M","DEJU_009","M",NA,1.173125,1.173125,10000,3e+05,351937.5,665513.8125,6655138125,6655.138125,6.655138125
"96",96,96,"DEJU_009-M-41-20230628","2023-06-28 19:34:00","DEJU_009-M-41-peakGreenness-2023",0.848,1.453,2.301,0.13,0.005,"DEJU","DEJU_009-M","DEJU_009","M",NA,1.173125,1.173125,10000,3e+05,351937.5,809808.1875,8098081875,8098.081875,8.098081875
"97",97,97,"DEJU_009-O-16.5-31.5-20180619","2018-06-19 22:21:00","DEJU_009-O-16.5-31.5",NA,NA,NA,NA,NA,"DEJU","DEJU_009-O","DEJU_009","O",NA,1.173125,1.173125,10000,3e+05,351937.5,NA,NA,NA,NA
"98",98,98,"DEJU_009-O-21-20230628","2023-06-28 21:15:00","DEJU_009-O-21-peakGreenness-2023",1.923,0.77,2.693,-0.038,-0.01,"DEJU","DEJU_009-O","DEJU_009","O",NA,1.173125,1.173125,10000,3e+05,351937.5,947767.6875,9477676875,9477.676875,9.477676875
"99",99,99,"DEJU_009-O-35.5-8-20180619","2018-06-19 23:42:00","DEJU_009-O-35.5-8",NA,NA,NA,NA,NA,"DEJU","DEJU_009-O","DEJU_009","O",NA,1.173125,1.173125,10000,3e+05,351937.5,NA,NA,NA,NA
"100",100,100,"DEJU_009-O-36.5-23.5-20180619","2018-06-19 23:10:00","DEJU_009-O-36.5-23.5",NA,NA,NA,NA,NA,"DEJU","DEJU_009-O","DEJU_009","O",NA,1.173125,1.173125,10000,3e+05,351937.5,NA,NA,NA,NA
"101",101,101,"DEJU_009-O-39-20230628","2023-06-28 20:37:00","DEJU_009-O-39-peakGreenness-2023",3.472,0.52,3.992,0.167,0.162,"DEJU","DEJU_009-O","DEJU_009","O",NA,1.173125,1.173125,10000,3e+05,351937.5,1404934.5,14049345000,14049.345,14.049345
"102",102,102,"DEJU_009-O-41-20230628","2023-06-28 19:34:00","DEJU_009-O-41-peakGreenness-2023",16.178,2.49,18.668,2.653,0.119,"DEJU","DEJU_009-O","DEJU_009","O",NA,1.173125,1.173125,10000,3e+05,351937.5,6569969.25,65699692500,65699.6925,65.6996925
"103",103,103,"DEJU_014-M-14-9-20180618","2018-06-18 19:05:00","DEJU_014-M-14-9",0.998,0.485,1.484,0.009,-0.003,"DEJU","DEJU_014-M","DEJU_014","M",1.19,1.173125,1.19,10000,3e+05,357000,529788,5297880000,5297.88,5.29788
"104",104,104,"DEJU_014-M-21-20230628","2023-06-28 20:43:00","DEJU_014-M-21-peakGreenness-2023",1.591,1.047,2.638,-0.021,-0.004,"DEJU","DEJU_014-M","DEJU_014","M",1.19,1.173125,1.19,10000,3e+05,357000,941766,9417660000,9417.66,9.41766
"105",105,105,"DEJU_014-M-21-9.5-20180618","2018-06-18 19:39:00","DEJU_014-M-21-9.5",0.444,0.097,0.541,0.134,0.015,"DEJU","DEJU_014-M","DEJU_014","M",1.19,1.173125,1.19,10000,3e+05,357000,193137,1931370000,1931.37,1.93137
"106",106,106,"DEJU_014-M-23-20230628","2023-06-28 19:32:00","DEJU_014-M-23-peakGreenness-2023",0.719,0.604,1.323,0.015,0.002,"DEJU","DEJU_014-M","DEJU_014","M",1.19,1.173125,1.19,10000,3e+05,357000,472311,4723110000,4723.11,4.72311
"107",107,107,"DEJU_014-M-33.5-24.5-20180618","2018-06-18 20:21:00","DEJU_014-M-33.5-24.5",0,0.247,0.247,0.044,0.032,"DEJU","DEJU_014-M","DEJU_014","M",1.19,1.173125,1.19,10000,3e+05,357000,88179,881790000,881.79,0.88179
"108",108,108,"DEJU_014-M-39-20230628","2023-06-28 21:03:00","DEJU_014-M-39-peakGreenness-2023",2.871,0.768,3.639,0.09,0.115,"DEJU","DEJU_014-M","DEJU_014","M",1.19,1.173125,1.19,10000,3e+05,357000,1299123,12991230000,12991.23,12.99123
"109",109,109,"DEJU_014-O-14-9-20180618","2018-06-18 19:04:00","DEJU_014-O-14-9",7.173,0.843,8.016,-0.138,-0.014,"DEJU","DEJU_014-O","DEJU_014","O",1.19,1.173125,1.19,10000,3e+05,357000,2861712,28617120000,28617.12,28.61712
"110",110,110,"DEJU_014-O-21-20230628","2023-06-28 20:43:00","DEJU_014-O-21-peakGreenness-2023",11.824,0.195,12.019,-0.284,0.008,"DEJU","DEJU_014-O","DEJU_014","O",1.19,1.173125,1.19,10000,3e+05,357000,4290783,42907830000,42907.83,42.90783
"111",111,111,"DEJU_014-O-21-9.5-20180618","2018-06-18 19:32:00","DEJU_014-O-21-9.5",1.464,0.996,2.459,0.323,-0.031,"DEJU","DEJU_014-O","DEJU_014","O",1.19,1.173125,1.19,10000,3e+05,357000,877863,8778630000,8778.63,8.77863
"112",112,112,"DEJU_014-O-23-20230628","2023-06-28 19:32:00","DEJU_014-O-23-peakGreenness-2023",1.666,1.965,3.631,0.382,0.121,"DEJU","DEJU_014-O","DEJU_014","O",1.19,1.173125,1.19,10000,3e+05,357000,1296267,12962670000,12962.67,12.96267
"113",113,113,"DEJU_014-O-33.5-24.5-20180618","2018-06-18 20:14:00","DEJU_014-O-33.5-24.5",0.298,0.091,0.389,1.332,0.02,"DEJU","DEJU_014-O","DEJU_014","O",1.19,1.173125,1.19,10000,3e+05,357000,138873,1388730000,1388.73,1.38873
"114",114,114,"DEJU_014-O-39-20230628","2023-06-28 21:03:00","DEJU_014-O-39-peakGreenness-2023",23.457,3.085,26.542,0.27,0.552,"DEJU","DEJU_014-O","DEJU_014","O",1.19,1.173125,1.19,10000,3e+05,357000,9475494,94754940000,94754.94,94.75494
"115",115,115,"DEJU_015-M-15.5-2.5-20180619","2018-06-20 00:49:00","DEJU_015-M-15.5-2.5",0.063,0.472,0.535,0.005,-0.008,"DEJU","DEJU_015-M","DEJU_015","M",NA,1.173125,1.173125,10000,3e+05,351937.5,188286.5625,1882865625,1882.865625,1.882865625
"116",116,116,"DEJU_015-M-22-5.5-20180619","2018-06-20 00:13:00","DEJU_015-M-22-5.5",0.05,0.257,0.307,0.024,0.005,"DEJU","DEJU_015-M","DEJU_015","M",NA,1.173125,1.173125,10000,3e+05,351937.5,108044.8125,1080448125,1080.448125,1.080448125
"117",117,117,"DEJU_015-M-23-20230629","2023-06-29 22:29:00","DEJU_015-M-23-peakGreenness-2023",0.506,1.832,2.338,-0.004,-0.024,"DEJU","DEJU_015-M","DEJU_015","M",NA,1.173125,1.173125,10000,3e+05,351937.5,822829.875,8228298750,8228.29875,8.22829875
"118",118,118,"DEJU_015-M-37-30-20180619","2018-06-20 01:26:00","DEJU_015-M-37-30",0.17,0.505,0.675,-0.005,-0.009,"DEJU","DEJU_015-M","DEJU_015","M",NA,1.173125,1.173125,10000,3e+05,351937.5,237557.8125,2375578125,2375.578125,2.375578125
"119",119,119,"DEJU_015-M-41-20230629","2023-06-29 20:10:00","DEJU_015-M-41-peakGreenness-2023",0.511,0.349,0.859,0.007,0.009,"DEJU","DEJU_015-M","DEJU_015","M",NA,1.173125,1.173125,10000,3e+05,351937.5,302314.3125,3023143125,3023.143125,3.023143125
"120",120,120,"DEJU_015-O-15.5-2.5-20180619","2018-06-20 00:44:00","DEJU_015-O-15.5-2.5",0,0,0,0.082,0.028,"DEJU","DEJU_015-O","DEJU_015","O",NA,1.173125,1.173125,10000,3e+05,351937.5,0,0,0,0
"121",121,121,"DEJU_015-O-21-20230629","2023-06-29 21:13:00","DEJU_015-O-21-peakGreenness-2023",5.027,8.475,13.502,-0.307,-0.259,"DEJU","DEJU_015-O","DEJU_015","O",NA,1.173125,1.173125,10000,3e+05,351937.5,4751860.125,47518601250,47518.60125,47.51860125
"122",122,122,"DEJU_015-O-22-5.5-20180619","2018-06-20 00:02:00","DEJU_015-O-22-5.5",0.811,0.266,1.076,-0.028,-0.013,"DEJU","DEJU_015-O","DEJU_015","O",NA,1.173125,1.173125,10000,3e+05,351937.5,378684.75,3786847500,3786.8475,3.7868475
"123",123,123,"DEJU_015-O-23-20230629","2023-06-29 22:11:00","DEJU_015-O-23-peakGreenness-2023",8.211,2.18,10.391,0.155,-0.049,"DEJU","DEJU_015-O","DEJU_015","O",NA,1.173125,1.173125,10000,3e+05,351937.5,3656982.5625,36569825625,36569.825625,36.569825625
"124",124,124,"DEJU_015-O-37-30-20180619","2018-06-20 01:22:00","DEJU_015-O-37-30",3.829,0.85,4.679,-0.193,-0.025,"DEJU","DEJU_015-O","DEJU_015","O",NA,1.173125,1.173125,10000,3e+05,351937.5,1646715.5625,16467155625,16467.155625,16.467155625
"125",125,125,"DEJU_015-O-41-20230629","2023-06-29 20:10:00","DEJU_015-O-41-peakGreenness-2023",4.417,1.275,5.692,-0.067,-0.025,"DEJU","DEJU_015-O","DEJU_015","O",NA,1.173125,1.173125,10000,3e+05,351937.5,2003228.25,20032282500,20032.2825,20.0322825
"126",126,126,"DEJU_045-M-21-20230626","2023-06-26 17:32:00","DEJU_045-M-21-peakGreenness-2023",0.522,3.031,3.553,-0.047,-0.059,"DEJU","DEJU_045-M","DEJU_045","M",NA,1.173125,1.173125,10000,3e+05,351937.5,1250433.9375,12504339375,12504.339375,12.504339375
"127",127,127,"DEJU_045-M-23-20230626","2023-06-26 18:52:00","DEJU_045-M-23-peakGreenness-2023",0.321,2.661,2.982,-0.041,-0.061,"DEJU","DEJU_045-M","DEJU_045","M",NA,1.173125,1.173125,10000,3e+05,351937.5,1049477.625,10494776250,10494.77625,10.49477625
"128",128,128,"DEJU_045-M-33.5-0-20180621","2018-06-21 21:14:00","DEJU_045-M-33.5-0",0.303,0.518,0.821,-0.026,-0.026,"DEJU","DEJU_045-M","DEJU_045","M",NA,1.173125,1.173125,10000,3e+05,351937.5,288940.6875,2889406875,2889.406875,2.889406875
"129",129,129,"DEJU_045-M-37.5-28-20180621","2018-06-21 21:49:00","DEJU_045-M-37.5-28",0.103,2.441,2.543,-0.005,-0.016,"DEJU","DEJU_045-M","DEJU_045","M",NA,1.173125,1.173125,10000,3e+05,351937.5,894977.0625,8949770625,8949.770625,8.949770625
"130",130,130,"DEJU_045-M-41-20230626","2023-06-26 20:48:00","DEJU_045-M-41-peakGreenness-2023",0.815,1.401,2.216,-0.048,-0.037,"DEJU","DEJU_045-M","DEJU_045","M",NA,1.173125,1.173125,10000,3e+05,351937.5,779893.5,7798935000,7798.935,7.798935
"131",131,131,"DEJU_045-O-21-20230626","2023-06-26 17:32:00","DEJU_045-O-21-peakGreenness-2023",2.68,5.338,8.018,-0.202,-0.141,"DEJU","DEJU_045-O","DEJU_045","O",NA,1.173125,1.173125,10000,3e+05,351937.5,2821834.875,28218348750,28218.34875,28.21834875
"132",132,132,"DEJU_045-O-33.5-0-20180621","2018-06-21 21:02:00","DEJU_045-O-33.5-0",0.792,0.406,1.198,-0.013,0.009,"DEJU","DEJU_045-O","DEJU_045","O",NA,1.173125,1.173125,10000,3e+05,351937.5,421621.125,4216211250,4216.21125,4.21621125
"133",133,133,"DEJU_045-O-37.5-28-20180621","2018-06-21 21:35:00","DEJU_045-O-37.5-28",NA,NA,NA,NA,NA,"DEJU","DEJU_045-O","DEJU_045","O",NA,1.173125,1.173125,10000,3e+05,351937.5,NA,NA,NA,NA
"134",134,134,"DEJU_045-O-41-20230626","2023-06-26 20:15:00","DEJU_045-O-41-peakGreenness-2023",1.269,3.193,4.463,-0.061,-0.067,"DEJU","DEJU_045-O","DEJU_045","O",NA,1.173125,1.173125,10000,3e+05,351937.5,1570697.0625,15706970625,15706.970625,15.706970625
"135",135,135,"DEJU_045-O-7.5-30-20180621","2018-06-21 22:21:00","DEJU_045-O-7.5-30",0.726,0.431,1.156,-0.016,0.002,"DEJU","DEJU_045-O","DEJU_045","O",NA,1.173125,1.173125,10000,3e+05,351937.5,406839.75,4068397500,4068.3975,4.0683975
"136",136,136,"DEJU_046-M-2.5-20.5-20180621","2018-06-21 23:54:00","DEJU_046-M-2.5-20.5",1.256,2.295,3.551,-0.159,-0.105,"DEJU","DEJU_046-M","DEJU_046","M",NA,1.173125,1.173125,10000,3e+05,351937.5,1249730.0625,12497300625,12497.300625,12.497300625
"137",137,137,"DEJU_046-M-21-20230626","2023-06-26 23:48:00","DEJU_046-M-21-peakGreenness-2023",0.585,3.88,4.465,-0.038,-0.057,"DEJU","DEJU_046-M","DEJU_046","M",NA,1.173125,1.173125,10000,3e+05,351937.5,1571400.9375,15714009375,15714.009375,15.714009375
"138",138,138,"DEJU_046-M-32.5-5-20180621","2018-06-21 23:16:00","DEJU_046-M-32.5-5",0.239,0.044,0.282,0.04,0.011,"DEJU","DEJU_046-M","DEJU_046","M",NA,1.173125,1.173125,10000,3e+05,351937.5,99246.375,992463750,992.46375,0.99246375
"139",139,139,"DEJU_046-M-39-20230626","2023-06-26 22:38:00","DEJU_046-M-39-peakGreenness-2023",1.042,4.931,5.973,-0.108,-0.095,"DEJU","DEJU_046-M","DEJU_046","M",NA,1.173125,1.173125,10000,3e+05,351937.5,2102122.6875,21021226875,21021.226875,21.021226875
"140",140,140,"DEJU_046-M-41-20230626","2023-06-26 21:39:00","DEJU_046-M-41-peakGreenness-2023",1.153,1.262,2.414,0.148,0.085,"DEJU","DEJU_046-M","DEJU_046","M",NA,1.173125,1.173125,10000,3e+05,351937.5,849577.125,8495771250,8495.77125,8.49577125
"141",141,141,"DEJU_046-O-15-0-20180621","2018-06-21 23:20:00","DEJU_046-O-15-0",0.982,0.756,1.738,-0.075,-0.036,"DEJU","DEJU_046-O","DEJU_046","O",NA,1.173125,1.173125,10000,3e+05,351937.5,611667.375,6116673750,6116.67375,6.11667375
"142",142,142,"DEJU_046-O-2.5-20.5-20180621","2018-06-21 23:41:00","DEJU_046-O-2.5-20.5",0,0.048,0.048,0.03,0.03,"DEJU","DEJU_046-O","DEJU_046","O",NA,1.173125,1.173125,10000,3e+05,351937.5,16893,168930000,168.93,0.16893
"143",143,143,"DEJU_046-O-21-20230626","2023-06-26 23:44:00","DEJU_046-O-21-peakGreenness-2023",3.793,2.333,6.126,-0.147,-0.061,"DEJU","DEJU_046-O","DEJU_046","O",NA,1.173125,1.173125,10000,3e+05,351937.5,2155969.125,21559691250,21559.69125,21.55969125
"144",144,144,"DEJU_046-O-32.5-5-20180621","2018-06-21 23:08:00","DEJU_046-O-32.5-5",0.481,0.466,0.948,0.023,-0.009,"DEJU","DEJU_046-O","DEJU_046","O",NA,1.173125,1.173125,10000,3e+05,351937.5,333636.75,3336367500,3336.3675,3.3363675
"145",145,145,"DEJU_046-O-39-20230626","2023-06-26 22:38:00","DEJU_046-O-39-peakGreenness-2023",2.749,4.502,7.251,0.017,-0.092,"DEJU","DEJU_046-O","DEJU_046","O",NA,1.173125,1.173125,10000,3e+05,351937.5,2551898.8125,25518988125,25518.988125,25.518988125
"146",146,146,"DEJU_046-O-41-20230626","2023-06-26 21:39:00","DEJU_046-O-41-peakGreenness-2023",3.728,3.663,7.391,-0.015,-0.091,"DEJU","DEJU_046-O","DEJU_046","O",NA,1.173125,1.173125,10000,3e+05,351937.5,2601170.0625,26011700625,26011.700625,26.011700625
"147",147,147,"DEJU_047-M-2.5-32.5-20180621","2018-06-21 19:20:00","DEJU_047-M-2.5-32.5",0.688,0.465,1.152,-0.02,-0.006,"DEJU","DEJU_047-M","DEJU_047","M",NA,1.173125,1.173125,10000,3e+05,351937.5,405432,4054320000,4054.32,4.05432
"148",148,148,"DEJU_047-M-21-20230626","2023-06-26 22:19:00","DEJU_047-M-21-peakGreenness-2023",0.747,2.74,3.487,-0.065,-0.058,"DEJU","DEJU_047-M","DEJU_047","M",NA,1.173125,1.173125,10000,3e+05,351937.5,1227206.0625,12272060625,12272.060625,12.272060625
"149",149,149,"DEJU_047-M-39-20230626","2023-06-26 23:11:00","DEJU_047-M-39-peakGreenness-2023",0.717,3.54,4.257,-0.092,-0.087,"DEJU","DEJU_047-M","DEJU_047","M",NA,1.173125,1.173125,10000,3e+05,351937.5,1498197.9375,14981979375,14981.979375,14.981979375
"150",150,150,"DEJU_047-M-39-21.5-20180621","2018-06-21 20:34:00","DEJU_047-M-39-21.5",0.462,0.18,0.642,-0.017,-0.009,"DEJU","DEJU_047-M","DEJU_047","M",NA,1.173125,1.173125,10000,3e+05,351937.5,225943.875,2259438750,2259.43875,2.25943875
"151",151,151,"DEJU_047-M-41-20230626","2023-06-27 00:01:00","DEJU_047-M-41-peakGreenness-2023",0.946,5.458,6.404,-0.152,-0.142,"DEJU","DEJU_047-M","DEJU_047","M",NA,1.173125,1.173125,10000,3e+05,351937.5,2253807.75,22538077500,22538.0775,22.5380775
"152",152,152,"DEJU_047-O-2.5-32.5-20180621","2018-06-21 19:04:00","DEJU_047-O-2.5-32.5",0.307,0.002,0.309,0.11,0.062,"DEJU","DEJU_047-O","DEJU_047","O",NA,1.173125,1.173125,10000,3e+05,351937.5,108748.6875,1087486875,1087.486875,1.087486875
"153",153,153,"DEJU_047-O-21-20230626","2023-06-26 21:48:00","DEJU_047-O-21-peakGreenness-2023",3.941,3.64,7.58,-0.024,-0.031,"DEJU","DEJU_047-O","DEJU_047","O",NA,1.173125,1.173125,10000,3e+05,351937.5,2667686.25,26676862500,26676.8625,26.6768625
"154",154,154,"DEJU_047-O-32-18.5-20180621","2018-06-21 19:45:00","DEJU_047-O-32-18.5",2.498,0.761,3.259,-0.095,-0.038,"DEJU","DEJU_047-O","DEJU_047","O",NA,1.173125,1.173125,10000,3e+05,351937.5,1146964.3125,11469643125,11469.643125,11.469643125
"155",155,155,"DEJU_047-O-39-20230626","2023-06-26 22:52:00","DEJU_047-O-39-peakGreenness-2023",4.245,2.295,6.54,0.133,-0.051,"DEJU","DEJU_047-O","DEJU_047","O",NA,1.173125,1.173125,10000,3e+05,351937.5,2301671.25,23016712500,23016.7125,23.0167125
"156",156,156,"DEJU_047-O-39-21.5-20180621","2018-06-21 20:25:00","DEJU_047-O-39-21.5",0.177,3.46,3.637,-0.029,-0.139,"DEJU","DEJU_047-O","DEJU_047","O",NA,1.173125,1.173125,10000,3e+05,351937.5,1279996.6875,12799966875,12799.966875,12.799966875
"157",157,157,"DEJU_047-O-41-20230626","2023-06-27 00:01:00","DEJU_047-O-41-peakGreenness-2023",6.037,3.334,9.371,-0.077,-0.067,"DEJU","DEJU_047-O","DEJU_047","O",NA,1.173125,1.173125,10000,3e+05,351937.5,3298006.3125,32980063125,32980.063125,32.980063125
"158",158,158,"DEJU_048-M-16.5-8-20180621","2018-06-21 21:01:00","DEJU_048-M-16.5-8",1.129,0.077,1.206,-0.026,0.013,"DEJU","DEJU_048-M","DEJU_048","M",NA,1.173125,1.173125,10000,3e+05,351937.5,424436.625,4244366250,4244.36625,4.24436625
"159",159,159,"DEJU_048-M-20.5-7.5-20180621","2018-06-21 20:33:00","DEJU_048-M-20.5-7.5",0,0.271,0.271,0.019,-0.006,"DEJU","DEJU_048-M","DEJU_048","M",NA,1.173125,1.173125,10000,3e+05,351937.5,95375.0625,953750625,953.750625,0.953750625
"160",160,160,"DEJU_048-M-21-20230626","2023-06-26 20:08:00","DEJU_048-M-21-peakGreenness-2023",0.597,2.786,3.384,-0.068,-0.066,"DEJU","DEJU_048-M","DEJU_048","M",NA,1.173125,1.173125,10000,3e+05,351937.5,1190956.5,11909565000,11909.565,11.909565
"161",161,161,"DEJU_048-M-23-20230626","2023-06-26 17:22:00","DEJU_048-M-23-peakGreenness-2023",0.842,1.667,2.508,-0.003,-0.014,"DEJU","DEJU_048-M","DEJU_048","M",NA,1.173125,1.173125,10000,3e+05,351937.5,882659.25,8826592500,8826.5925,8.8265925
"162",162,162,"DEJU_048-M-36.5-25.5-20180621","2018-06-21 19:27:00","DEJU_048-M-36.5-25.5",0.016,0.215,0.231,0.084,0.023,"DEJU","DEJU_048-M","DEJU_048","M",NA,1.173125,1.173125,10000,3e+05,351937.5,81297.5625,812975625,812.975625,0.812975625
"163",163,163,"DEJU_048-M-41-20230626","2023-06-26 18:45:00","DEJU_048-M-41-peakGreenness-2023",0.908,4.667,5.575,NA,NA,"DEJU","DEJU_048-M","DEJU_048","M",NA,1.173125,1.173125,10000,3e+05,351937.5,1962051.5625,19620515625,19620.515625,19.620515625
"164",164,164,"DEJU_048-O-16.5-8-20180621","2018-06-21 20:49:00","DEJU_048-O-16.5-8",0.502,0.219,0.721,-0.027,-0.007,"DEJU","DEJU_048-O","DEJU_048","O",NA,1.173125,1.173125,10000,3e+05,351937.5,253746.9375,2537469375,2537.469375,2.537469375
"165",165,165,"DEJU_048-O-20.5-7.5-20180621","2018-06-21 20:15:00","DEJU_048-O-20.5-7.5",0.43,1.423,1.853,-0.076,-0.071,"DEJU","DEJU_048-O","DEJU_048","O",NA,1.173125,1.173125,10000,3e+05,351937.5,652140.1875,6521401875,6521.401875,6.521401875
"166",166,166,"DEJU_048-O-21-20230626","2023-06-26 20:08:00","DEJU_048-O-21-peakGreenness-2023",2.065,8.637,10.702,-0.129,-0.199,"DEJU","DEJU_048-O","DEJU_048","O",NA,1.173125,1.173125,10000,3e+05,351937.5,3766435.125,37664351250,37664.35125,37.66435125
"167",167,167,"DEJU_048-O-23-20230626","2023-06-26 17:45:00","DEJU_048-O-23-peakGreenness-2023",5.636,3.538,9.174,-0.206,-0.091,"DEJU","DEJU_048-O","DEJU_048","O",NA,1.173125,1.173125,10000,3e+05,351937.5,3228674.625,32286746250,32286.74625,32.28674625
"168",168,168,"DEJU_048-O-36.5-25.5-20180621","2018-06-21 18:58:00","DEJU_048-O-36.5-25.5",2.151,0.125,2.277,0.203,0.013,"DEJU","DEJU_048-O","DEJU_048","O",NA,1.173125,1.173125,10000,3e+05,351937.5,801361.6875,8013616875,8013.616875,8.013616875
"169",169,169,"DEJU_048-O-41-20230626","2023-06-26 18:45:00","DEJU_048-O-41-peakGreenness-2023",12.397,5.018,17.415,1.309,-0.097,"DEJU","DEJU_048-O","DEJU_048","O",NA,1.173125,1.173125,10000,3e+05,351937.5,6128991.5625,61289915625,61289.915625,61.289915625
"170",170,170,"HEAL_001-O-2.5-21-20210623","2021-06-23 22:58:00","HEAL_001-O-2.5-21",5.93,12.613,18.542,-0.688,-0.447,"HEAL","HEAL_001-O","HEAL_001","O",NA,0.45542,0.45542,10000,3e+05,136626,2533319.292,25333192920,25333.19292,25.33319292
"171",171,171,"HEAL_001-O-22.5-33.5-20210623","2021-06-23 22:38:00","HEAL_001-O-22.5-33.5",0,8.01,8.01,-0.191,-0.242,"HEAL","HEAL_001-O","HEAL_001","O",NA,0.45542,0.45542,10000,3e+05,136626,1094374.26,10943742600,10943.7426,10.9437426
"172",172,172,"HEAL_001-O-6.5-15.5-20210623","2021-06-23 23:21:00","HEAL_001-O-6.5-15.5",3.36,7.499,10.859,-0.277,-0.194,"HEAL","HEAL_001-O","HEAL_001","O",NA,0.45542,0.45542,10000,3e+05,136626,1483621.734,14836217340,14836.21734,14.83621734
"173",173,173,"HEAL_004-M-13-6.5-20210624","2021-06-24 22:52:00","HEAL_004-M-13-6.5",9.464,4.228,13.692,-0.454,-0.111,"HEAL","HEAL_004-M","HEAL_004","M",NA,0.45542,0.45542,10000,3e+05,136626,1870683.192,18706831920,18706.83192,18.70683192
"174",174,174,"HEAL_004-M-2-30-20210624","2021-06-24 23:19:00","HEAL_004-M-2-30",8.948,9.058,18.006,-0.3,-0.338,"HEAL","HEAL_004-M","HEAL_004","M",NA,0.45542,0.45542,10000,3e+05,136626,2460087.756,24600877560,24600.87756,24.60087756
"175",175,175,"HEAL_004-M-22-33-20210624","2021-06-24 23:51:00","HEAL_004-M-22-33",5.996,7.402,13.398,1.49,0.41,"HEAL","HEAL_004-M","HEAL_004","M",NA,0.45542,0.45542,10000,3e+05,136626,1830515.148,18305151480,18305.15148,18.30515148
"176",176,176,"HEAL_004-O-13-6.5-20210624","2021-06-24 22:52:00","HEAL_004-O-13-6.5",6.039,12.127,18.166,-0.198,-0.415,"HEAL","HEAL_004-O","HEAL_004","O",NA,0.45542,0.45542,10000,3e+05,136626,2481947.916,24819479160,24819.47916,24.81947916
"177",177,177,"HEAL_004-O-2-30-20210624","2021-06-24 23:19:00","HEAL_004-O-2-30",1.273,4.301,5.574,-0.001,-0.081,"HEAL","HEAL_004-O","HEAL_004","O",NA,0.45542,0.45542,10000,3e+05,136626,761553.324,7615533240,7615.53324,7.61553324
"178",178,178,"HEAL_004-O-22-33-20210624","2021-06-24 23:51:00","HEAL_004-O-22-33",8.122,7.144,15.266,1.851,-0.077,"HEAL","HEAL_004-O","HEAL_004","O",NA,0.45542,0.45542,10000,3e+05,136626,2085732.516,20857325160,20857.32516,20.85732516
"179",179,179,"HEAL_005-M-34.5-7.5-20210623","2021-06-23 19:43:00","HEAL_005-M-34.5-7.5",11.179,12.339,23.518,-0.539,-0.349,"HEAL","HEAL_005-M","HEAL_005","M",NA,0.45542,0.45542,10000,3e+05,136626,3213170.268,32131702680,32131.70268,32.13170268
"180",180,180,"HEAL_005-M-36-25-20210623","2021-06-23 19:14:00","HEAL_005-M-36-25",6.77,6.835,13.605,-0.589,-0.306,"HEAL","HEAL_005-M","HEAL_005","M",NA,0.45542,0.45542,10000,3e+05,136626,1858796.73,18587967300,18587.9673,18.5879673
"181",181,181,"HEAL_005-M-6-8.5-20210623","2021-06-23 20:08:00","HEAL_005-M-6-8.5",1.862,2.661,4.522,-0.139,-0.11,"HEAL","HEAL_005-M","HEAL_005","M",NA,0.45542,0.45542,10000,3e+05,136626,617822.772,6178227720,6178.22772,6.17822772
"182",182,182,"HEAL_005-O-34.5-7.5-20210623","2021-06-23 19:43:00","HEAL_005-O-34.5-7.5",0.742,6.048,6.79,-0.11,-0.098,"HEAL","HEAL_005-O","HEAL_005","O",NA,0.45542,0.45542,10000,3e+05,136626,927690.54,9276905400,9276.9054,9.2769054
"183",183,183,"HEAL_005-O-36-25-20210623","2021-06-23 19:14:00","HEAL_005-O-36-25",1.352,7.725,9.077,-0.358,-0.301,"HEAL","HEAL_005-O","HEAL_005","O",NA,0.45542,0.45542,10000,3e+05,136626,1240154.202,12401542020,12401.54202,12.40154202
"184",184,184,"HEAL_005-O-6-8.5-20210623","2021-06-23 20:08:00","HEAL_005-O-6-8.5",0.597,5.173,5.771,-0.186,-0.162,"HEAL","HEAL_005-O","HEAL_005","O",NA,0.45542,0.45542,10000,3e+05,136626,788468.646,7884686460,7884.68646,7.88468646
"185",185,185,"HEAL_010-M-10.5-4.5-20210625","2021-06-25 23:25:00","HEAL_010-M-10.5-4.5",0.652,5.881,6.533,-0.291,-0.29,"HEAL","HEAL_010-M","HEAL_010","M",NA,0.45542,0.45542,10000,3e+05,136626,892577.658,8925776580,8925.77658,8.92577658
"186",186,186,"HEAL_010-M-31.5-27.5-20210625","2021-06-26 00:23:00","HEAL_010-M-31.5-27.5",1.754,4.462,6.215,-0.151,-0.199,"HEAL","HEAL_010-M","HEAL_010","M",NA,0.45542,0.45542,10000,3e+05,136626,849130.59,8491305900,8491.3059,8.4913059
"187",187,187,"HEAL_010-M-9.5-29-20210625","2021-06-25 23:53:00","HEAL_010-M-9.5-29",0.606,2.501,3.106,-0.063,-0.09,"HEAL","HEAL_010-M","HEAL_010","M",NA,0.45542,0.45542,10000,3e+05,136626,424360.356,4243603560,4243.60356,4.24360356
"188",188,188,"HEAL_010-O-10.5-4.5-20210625","2021-06-25 23:25:00","HEAL_010-O-10.5-4.5",2.769,9.812,12.581,-0.198,-0.258,"HEAL","HEAL_010-O","HEAL_010","O",NA,0.45542,0.45542,10000,3e+05,136626,1718891.706,17188917060,17188.91706,17.18891706
"189",189,189,"HEAL_010-O-31.5-27.5-20210625","2021-06-26 00:23:00","HEAL_010-O-31.5-27.5",4.304,20.899,25.203,-0.299,-0.641,"HEAL","HEAL_010-O","HEAL_010","O",NA,0.45542,0.45542,10000,3e+05,136626,3443385.078,34433850780,34433.85078,34.43385078
"190",190,190,"HEAL_010-O-9.5-29-20210625","2021-06-25 23:53:00","HEAL_010-O-9.5-29",2.488,17.126,19.615,-0.794,-0.777,"HEAL","HEAL_010-O","HEAL_010","O",NA,0.45542,0.45542,10000,3e+05,136626,2679918.99,26799189900,26799.1899,26.7991899
"191",191,191,"HEAL_011-M-2.5-12.5-20210625","2021-06-25 20:48:00","HEAL_011-M-2.5-12.5",4.799,22.357,27.156,1.999,-0.092,"HEAL","HEAL_011-M","HEAL_011","M",NA,0.45542,0.45542,10000,3e+05,136626,3710215.656,37102156560,37102.15656,37.10215656
"192",192,192,"HEAL_011-M-31-19.5-20210625","2021-06-25 21:23:00","HEAL_011-M-31-19.5",1.204,2.956,4.16,-0.109,-0.094,"HEAL","HEAL_011-M","HEAL_011","M",NA,0.45542,0.45542,10000,3e+05,136626,568364.16,5683641600,5683.6416,5.6836416
"193",193,193,"HEAL_011-M-34.5-38-20210625","2021-06-25 20:04:00","HEAL_011-M-34.5-38",7.338,16.073,23.411,NA,NA,"HEAL","HEAL_011-M","HEAL_011","M",NA,0.45542,0.45542,10000,3e+05,136626,3198551.286,31985512860,31985.51286,31.98551286
"194",194,194,"HEAL_011-O-2.5-12.5-20210625","2021-06-25 20:31:00","HEAL_011-O-2.5-12.5",6.711,42.37,49.081,-1.997,-2.004,"HEAL","HEAL_011-O","HEAL_011","O",NA,0.45542,0.45542,10000,3e+05,136626,6705740.706,67057407060,67057.40706,67.05740706
"195",195,195,"HEAL_011-O-31-19.5-20210625","2021-06-25 21:23:00","HEAL_011-O-31-19.5",1.163,16.857,18.02,-0.586,-0.529,"HEAL","HEAL_011-O","HEAL_011","O",NA,0.45542,0.45542,10000,3e+05,136626,2462000.52,24620005200,24620.0052,24.6200052
"196",196,196,"HEAL_011-O-34.5-38-20210625","2021-06-25 20:04:00","HEAL_011-O-34.5-38",1.973,64.736,66.709,-2.462,-2.954,"HEAL","HEAL_011-O","HEAL_011","O",NA,0.45542,0.45542,10000,3e+05,136626,9114183.834,91141838340,91141.83834,91.14183834
"197",197,197,"HEAL_025-M-38-26-20210624","2021-06-25 02:59:00","HEAL_025-M-38-26",4.814,4.989,9.803,-0.168,-0.212,"HEAL","HEAL_025-M","HEAL_025","M",NA,0.45542,0.45542,10000,3e+05,136626,1339344.678,13393446780,13393.44678,13.39344678
"198",198,198,"HEAL_025-M-6.5-16-20210624","2021-06-25 02:12:00","HEAL_025-M-6.5-16",0.75,2.041,2.791,-0.013,-0.043,"HEAL","HEAL_025-M","HEAL_025","M",NA,0.45542,0.45542,10000,3e+05,136626,381323.166,3813231660,3813.23166,3.81323166
"199",199,199,"HEAL_025-M-8.5-37-20210624","2021-06-25 02:45:00","HEAL_025-M-8.5-37",1.163,3.717,4.88,-0.092,-0.142,"HEAL","HEAL_025-M","HEAL_025","M",NA,0.45542,0.45542,10000,3e+05,136626,666734.88,6667348800,6667.3488,6.6673488
"200",200,200,"HEAL_025-O-38-26-20210624","2021-06-25 02:59:00","HEAL_025-O-38-26",28.763,9.919,38.682,4.378,0.836,"HEAL","HEAL_025-O","HEAL_025","O",NA,0.45542,0.45542,10000,3e+05,136626,5284966.932,52849669320,52849.66932,52.84966932
"201",201,201,"HEAL_025-O-6.5-16-20210624","2021-06-25 01:48:00","HEAL_025-O-6.5-16",0.778,7.73,8.508,0.247,0.035,"HEAL","HEAL_025-O","HEAL_025","O",NA,0.45542,0.45542,10000,3e+05,136626,1162414.008,11624140080,11624.14008,11.62414008
"202",202,202,"HEAL_025-O-8.5-37-20210624","2021-06-25 02:31:00","HEAL_025-O-8.5-37",2.824,5.931,8.755,3.74,0.327,"HEAL","HEAL_025-O","HEAL_025","O",NA,0.45542,0.45542,10000,3e+05,136626,1196160.63,11961606300,11961.6063,11.9616063
"203",203,203,"HEAL_045-M-6-10-20210622","2021-06-22 23:48:00","HEAL_045-M-6-10",11.68,13.849,25.529,-0.128,-0.205,"HEAL","HEAL_045-M","HEAL_045","M",NA,0.45542,0.45542,10000,3e+05,136626,3487925.154,34879251540,34879.25154,34.87925154
"204",204,204,"HEAL_045-O-18.5-34-20210622","2021-06-23 00:30:00","HEAL_045-O-18.5-34",0,17.682,17.682,-0.734,-0.734,"HEAL","HEAL_045-O","HEAL_045","O",NA,0.45542,0.45542,10000,3e+05,136626,2415820.932,24158209320,24158.20932,24.15820932
"205",205,205,"HEAL_045-O-20.5-30-20210622","2021-06-23 00:55:00","HEAL_045-O-20.5-30",0,19.12,19.12,-0.818,-0.818,"HEAL","HEAL_045-O","HEAL_045","O",NA,0.45542,0.45542,10000,3e+05,136626,2612289.12,26122891200,26122.8912,26.1228912
"206",206,206,"HEAL_045-O-6-10-20210622","2021-06-22 23:48:00","HEAL_045-O-6-10",1.685,9.804,11.489,-0.283,-0.329,"HEAL","HEAL_045-O","HEAL_045","O",NA,0.45542,0.45542,10000,3e+05,136626,1569696.114,15696961140,15696.96114,15.69696114
"207",207,207,"HEAL_046-M-1.5-29-20210622","2021-06-22 19:51:00","HEAL_046-M-1.5-29",5.186,5.345,10.531,-0.318,-0.192,"HEAL","HEAL_046-M","HEAL_046","M",NA,0.45542,0.45542,10000,3e+05,136626,1438808.406,14388084060,14388.08406,14.38808406
"208",208,208,"HEAL_046-M-32.5-29.5-20210622","2021-06-22 20:39:00","HEAL_046-M-32.5-29.5",7.715,11.637,19.352,-0.456,-0.364,"HEAL","HEAL_046-M","HEAL_046","M",NA,0.45542,0.45542,10000,3e+05,136626,2643986.352,26439863520,26439.86352,26.43986352
"209",209,209,"HEAL_046-M-8.5-7-20210622","2021-06-22 20:28:00","HEAL_046-M-8.5-7",1.501,3.069,4.569,-0.124,-0.083,"HEAL","HEAL_046-M","HEAL_046","M",NA,0.45542,0.45542,10000,3e+05,136626,624244.194,6242441940,6242.44194,6.24244194
"210",210,210,"HEAL_046-O-1.5-29-20210622","2021-06-22 19:51:00","HEAL_046-O-1.5-29",0.959,4.172,5.131,0.245,-0.013,"HEAL","HEAL_046-O","HEAL_046","O",NA,0.45542,0.45542,10000,3e+05,136626,701028.006,7010280060,7010.28006,7.01028006
"211",211,211,"HEAL_046-O-32.5-29.5-20210622","2021-06-22 20:39:00","HEAL_046-O-32.5-29.5",2.413,14.082,16.495,0.063,-0.271,"HEAL","HEAL_046-O","HEAL_046","O",NA,0.45542,0.45542,10000,3e+05,136626,2253645.87,22536458700,22536.4587,22.5364587
"212",212,212,"HEAL_046-O-8.5-7-20210622","2021-06-22 20:28:00","HEAL_046-O-8.5-7",3.107,8.462,11.568,-0.262,-0.325,"HEAL","HEAL_046-O","HEAL_046","O",NA,0.45542,0.45542,10000,3e+05,136626,1580489.568,15804895680,15804.89568,15.80489568
"213",213,213,"HEAL_047-M-12.5-34.5-20210622","2021-06-22 22:53:00","HEAL_047-M-12.5-34.5",0.675,3.495,4.17,-0.105,-0.109,"HEAL","HEAL_047-M","HEAL_047","M",NA,0.45542,0.45542,10000,3e+05,136626,569730.42,5697304200,5697.3042,5.6973042
"214",214,214,"HEAL_047-M-30-36.5-20210622","2021-06-22 21:55:00","HEAL_047-M-30-36.5",0.767,3.722,4.489,-0.18,-0.146,"HEAL","HEAL_047-M","HEAL_047","M",NA,0.45542,0.45542,10000,3e+05,136626,613314.114,6133141140,6133.14114,6.13314114
"215",215,215,"HEAL_047-M-36.5-11.5-20210622","2021-06-22 22:02:00","HEAL_047-M-36.5-11.5",1.377,1.371,2.748,0.05,-0.012,"HEAL","HEAL_047-M","HEAL_047","M",NA,0.45542,0.45542,10000,3e+05,136626,375448.248,3754482480,3754.48248,3.75448248
"216",216,216,"HEAL_047-O-12.5-34.5-20210622","2021-06-22 22:53:00","HEAL_047-O-12.5-34.5",0.21,2.817,3.026,0.026,-0.063,"HEAL","HEAL_047-O","HEAL_047","O",NA,0.45542,0.45542,10000,3e+05,136626,413430.276,4134302760,4134.30276,4.13430276
"217",217,217,"HEAL_047-O-30-36.5-20210622","2021-06-22 21:55:00","HEAL_047-O-30-36.5",1.759,12.182,13.941,-0.436,-0.453,"HEAL","HEAL_047-O","HEAL_047","O",NA,0.45542,0.45542,10000,3e+05,136626,1904703.066,19047030660,19047.03066,19.04703066
"218",218,218,"HEAL_047-O-36.5-11.5-20210622","2021-06-22 22:02:00","HEAL_047-O-36.5-11.5",0,8.977,8.977,0.076,-0.355,"HEAL","HEAL_047-O","HEAL_047","O",NA,0.45542,0.45542,10000,3e+05,136626,1226491.602,12264916020,12264.91602,12.26491602
"219",219,219,"HEAL_048-M-2-7.5-20210622","2021-06-23 00:19:00","HEAL_048-M-2-7.5",17.844,20.142,37.986,-1.591,-0.836,"HEAL","HEAL_048-M","HEAL_048","M",NA,0.45542,0.45542,10000,3e+05,136626,5189875.236,51898752360,51898.75236,51.89875236
"220",220,220,"HEAL_048-M-9.5-21.5-20210622","2021-06-23 01:01:00","HEAL_048-M-9.5-21.5",3.578,24.475,28.053,-0.741,-0.751,"HEAL","HEAL_048-M","HEAL_048","M",NA,0.45542,0.45542,10000,3e+05,136626,3832769.178,38327691780,38327.69178,38.32769178
"221",221,221,"HEAL_048-O-2-7.5-20210622","2021-06-23 00:19:00","HEAL_048-O-2-7.5",0,4.806,4.806,-0.022,-0.172,"HEAL","HEAL_048-O","HEAL_048","O",NA,0.45542,0.45542,10000,3e+05,136626,656624.556,6566245560,6566.24556,6.56624556
"222",222,222,"HEAL_048-O-39-24.5-20210622","2021-06-22 23:53:00","HEAL_048-O-39-24.5",12.079,27.362,39.441,-1.416,-1.174,"HEAL","HEAL_048-O","HEAL_048","O",NA,0.45542,0.45542,10000,3e+05,136626,5388666.066,53886660660,53886.66066,53.88666066
"223",223,223,"HEAL_048-O-9.5-21.5-20210622","2021-06-23 01:01:00","HEAL_048-O-9.5-21.5",3.059,22.224,25.283,-0.896,-0.847,"HEAL","HEAL_048-O","HEAL_048","O",NA,0.45542,0.45542,10000,3e+05,136626,3454315.158,34543151580,34543.15158,34.54315158
"224",NA,NA,NA,NA,NA,NA,NA,NA,NA,NA,"BONA",NA,NA,NA,0.691314285714286,0.691314285714286,0.691314285714286,10000,3e+05,207394.285714286,NA,NA,NA,NA
"225",NA,NA,NA,NA,NA,NA,NA,NA,NA,NA,"DEJU",NA,"DEJU_027",NA,1.16,1.173125,1.16,10000,3e+05,348000,NA,NA,NA,NA
"226",NA,NA,NA,NA,NA,NA,NA,NA,NA,NA,"DEJU",NA,"DEJU_011",NA,0.57,1.173125,0.57,10000,3e+05,171000,NA,NA,NA,NA
"227",NA,NA,NA,NA,NA,NA,NA,NA,NA,NA,"DEJU",NA,"DEJU_005",NA,0.57,1.173125,0.57,10000,3e+05,171000,NA,NA,NA,NA
"228",NA,NA,NA,NA,NA,NA,NA,NA,NA,NA,"DEJU",NA,"DEJU_008",NA,0.87,1.173125,0.87,10000,3e+05,261000,NA,NA,NA,NA
"229",NA,NA,NA,NA,NA,NA,NA,NA,NA,NA,"DEJU",NA,"DEJU_025",NA,0.9,1.173125,0.9,10000,3e+05,270000,NA,NA,NA,NA
"230",NA,NA,NA,NA,NA,NA,NA,NA,NA,NA,"DEJU",NA,"DEJU_010",NA,0.83,1.173125,0.83,10000,3e+05,249000,NA,NA,NA,NA
"231",NA,NA,NA,NA,NA,NA,NA,NA,NA,NA,"DEJU",NA,"DEJU_017",NA,1.69,1.173125,1.69,10000,3e+05,507000,NA,NA,NA,NA
"232",NA,NA,NA,NA,NA,NA,NA,NA,NA,NA,"DEJU",NA,"DEJU_016",NA,1.85333333333333,1.173125,1.85333333333333,10000,3e+05,556000,NA,NA,NA,NA
"233",NA,NA,NA,NA,NA,NA,NA,NA,NA,NA,"DEJU",NA,"DEJU_012",NA,1.12,1.173125,1.12,10000,3e+05,336000,NA,NA,NA,NA
"234",NA,NA,NA,NA,NA,NA,NA,NA,NA,NA,"DEJU",NA,"DEJU_023",NA,1.02,1.173125,1.02,10000,3e+05,306000,NA,NA,NA,NA
"235",NA,NA,NA,NA,NA,NA,NA,NA,NA,NA,"DEJU",NA,"DEJU_004",NA,0.92,1.173125,0.92,10000,3e+05,276000,NA,NA,NA,NA
"236",NA,NA,NA,NA,NA,NA,NA,NA,NA,NA,"DEJU",NA,"DEJU_024",NA,1.185,1.173125,1.185,10000,3e+05,355500,NA,NA,NA,NA
"237",NA,NA,NA,NA,NA,NA,NA,NA,NA,NA,"HEAL",NA,NA,NA,0.45542,0.45542,0.45542,10000,3e+05,136626,NA,NA,NA,NA
