"sampleID","collectDate","incubationPairID","soilAmmoniumNugPerGram","soilNitrateNitriteNugPerGram","soilInorganicNugPerGram","netNminugPerGramPerDay","netNitugPerGramPerDay"
"DELA_001-M-0-0-20191112",2019-11-12 20:17:00,"DELA_001-M-0-0",2.37,2.713,5.083,0.07,0.134
"DELA_001-M-11-30-20190513",2019-05-13 20:20:00,"DELA_001-M-11-30",0.648,1.99,2.637,0.093,0.002
"DELA_001-M-21.5-0-20190626",2019-06-26 12:27:00,"DELA_001-M-21.5-0",0.233,0.783,1.016,0.083,0.07
"DELA_001-M-28-32.5-20190626",2019-06-26 13:06:00,"DELA_001-M-28-32.5",0.328,0.93,1.258,0.113,0.12
"DELA_001-M-28.5-39.5-20190513",2019-05-13 20:49:00,"DELA_001-M-28.5-39.5",0.452,3.22,3.673,-0.07,-0.101
"DELA_001-M-32.5-23.5-20191112",2019-11-12 19:45:00,"DELA_001-M-32.5-23.5",0.278,1.293,1.571,0.05,0.049
"DELA_001-M-33-12.5-20190513",2019-05-13 19:31:00,"DELA_001-M-33-12.5",0.706,1.201,1.907,0.196,0.218
"DELA_001-M-36.5-11.5-20191112",2019-11-12 20:01:00,"DELA_001-M-36.5-11.5",0.742,0.644,1.386,0.114,0.11
"DELA_001-M-6-6.5-20190626",2019-06-26 12:49:00,"DELA_001-M-6-6.5",0.605,1.403,2.009,0.251,0.258
"DELA_002-M-19.5-37-20190624",2019-06-24 17:01:00,"DELA_002-M-19.5-37",0.698,0.546,1.244,0.107,0.095
"DELA_002-M-21-38.5-20191113",2019-11-13 19:54:00,"DELA_002-M-21-38.5",0.459,0.795,1.254,-0.013,-0.021
"DELA_002-M-3.5-1.5-20191113",2019-11-13 20:28:00,"DELA_002-M-3.5-1.5",1.104,0.693,1.797,0.061,0.101
"DELA_002-M-32.5-18.5-20190624",2019-06-24 16:52:00,"DELA_002-M-32.5-18.5",0.684,1.074,1.759,0.199,0.139
"DELA_002-M-39.5-9.5-20191113",2019-11-13 20:13:00,"DELA_002-M-39.5-9.5",1.793,0.929,2.722,0.11,0.123
"DELA_002-M-8.5-6-20190624",2019-06-24 16:35:00,"DELA_002-M-8.5-6",1.579,1.382,2.96,0.142,0.141
"DELA_003-M-0.5-9.5-20190626",2019-06-26 13:51:00,"DELA_003-M-0.5-9.5",1.618,0.804,2.423,0.631,0.352
"DELA_003-M-12-34.5-20190515",2019-05-15 17:26:00,"DELA_003-M-12-34.5",2.045,1.662,3.707,0.648,-0.061
"DELA_003-M-14-3.5-20190515",2019-05-15 16:37:00,"DELA_003-M-14-3.5",1.811,1.202,3.012,-0.02,0.035
"DELA_003-M-24-33-20190626",2019-06-26 14:21:00,"DELA_003-M-24-33",1.076,1.171,2.246,0.069,0.074
"DELA_003-M-28.5-0.5-20191113",2019-11-13 19:04:00,"DELA_003-M-28.5-0.5",1.917,1.433,3.349,-0.065,0.001
"DELA_003-M-31-26.5-20190515",2019-05-15 16:59:00,"DELA_003-M-31-26.5",3.132,0.788,3.921,-0.095,0.024
"DELA_003-M-6.5-25.5-20190626",2019-06-26 14:08:00,"DELA_003-M-6.5-25.5",1.003,1.181,2.184,0.111,0.043
"DELA_003-M-6.5-36-20191113",2019-11-13 19:11:00,"DELA_003-M-6.5-36",2.02,0.89,2.91,-0.006,-0.023
"DELA_003-M-7.5-8-20191113",2019-11-13 18:53:00,"DELA_003-M-7.5-8",2.167,1.061,3.228,0.357,0.14
"DELA_004-M-0-17-20191113",2019-11-13 21:13:00,"DELA_004-M-0-17",1.973,2.969,4.942,-0.12,-0.052
"DELA_004-M-19-35.5-20190515",2019-05-15 15:17:00,"DELA_004-M-19-35.5",3.667,0.856,4.522,0.258,-0.035
"DELA_004-M-2-13.5-20190624",2019-06-24 17:43:00,"DELA_004-M-2-13.5",0.678,1.28,1.959,0.088,0.097
"DELA_004-M-30.5-3-20190515",2019-05-15 15:32:00,"DELA_004-M-30.5-3",1.154,3.444,4.598,-0.003,-0.001
"DELA_004-M-35-33.5-20191113",2019-11-13 21:12:00,"DELA_004-M-35-33.5",3.141,2.678,5.818,0.039,0.068
"DELA_004-M-36-32.5-20190515",2019-05-15 15:25:00,"DELA_004-M-36-32.5",3.251,0.753,4.005,0.152,-0.02
"DELA_004-M-36.5-34-20190624",2019-06-24 18:19:00,"DELA_004-M-36.5-34",0.748,0.672,1.42,0.07,0.05
"DELA_004-M-39-0.5-20190624",2019-06-24 18:02:00,"DELA_004-M-39-0.5",1.013,0.609,1.622,0.127,-0.017
"DELA_004-M-9-21.5-20191113",2019-11-13 20:57:00,"DELA_004-M-9-21.5",1.372,2.974,4.346,-0.029,-0.042
"DELA_005-M-13.5-4.5-20191113",2019-11-13 16:10:00,"DELA_005-M-13.5-4.5",0.614,2.329,2.943,0.206,0.218
"DELA_005-M-15-34.5-20190624",2019-06-24 14:16:00,"DELA_005-M-15-34.5",0.54,1.465,2.005,0.137,0.151
"DELA_005-M-20.5-37.5-20191113",2019-11-13 15:55:00,"DELA_005-M-20.5-37.5",0.835,1.222,2.057,0.123,0.149
"DELA_005-M-3-9-20190624",2019-06-24 14:24:00,"DELA_005-M-3-9",0.592,2.321,2.913,0.184,0.195
"DELA_005-M-33.5-6-20190513",2019-05-13 15:17:00,"DELA_005-M-33.5-6",0.694,1.474,2.168,0.121,0.14
"DELA_005-M-35-2-20191113",2019-11-13 16:22:00,"DELA_005-M-35-2",1.565,1.259,2.824,0.016,0.08
"DELA_005-M-35-25.5-20190513",2019-05-13 15:39:00,"DELA_005-M-35-25.5",0.559,2.882,3.441,0.062,0.066
"DELA_005-M-35-35-20190624",2019-06-24 14:04:00,"DELA_005-M-35-35",0.24,1.801,2.041,0.05,0.049
"DELA_005-M-8-29.5-20190513",2019-05-13 16:00:00,"DELA_005-M-8-29.5",0.643,2.487,3.13,-0.01,-0.067
"DELA_014-M-19-38.5-20190624",2019-06-24 15:11:00,"DELA_014-M-19-38.5",0.795,1.468,2.264,0.035,0.025
"DELA_014-M-23.5-3.5-20190624",2019-06-24 15:23:00,"DELA_014-M-23.5-3.5",0.769,1.472,2.241,0.062,0.045
"DELA_014-M-25-8-20190513",2019-05-13 17:34:00,"DELA_014-M-25-8",0.623,0.741,1.364,0.008,-0.005
"DELA_014-M-28.5-34-20191113",2019-11-13 17:50:00,"DELA_014-M-28.5-34",0.925,2.227,3.151,-0.019,-0.013
"DELA_014-M-3-16.5-20191113",2019-11-13 17:21:00,"DELA_014-M-3-16.5",0.603,2.889,3.492,-0.006,-0.015
"DELA_014-M-31-5-20191113",2019-11-13 17:38:00,"DELA_014-M-31-5",0.716,3.257,3.973,0.046,0.041
"DELA_014-M-34-23.5-20190513",2019-05-13 17:02:00,"DELA_014-M-34-23.5",0.477,0.969,1.446,0.071,0.013
"DELA_014-M-4.5-16.5-20190513",2019-05-13 18:02:00,"DELA_014-M-4.5-16.5",0.506,1.472,1.978,-0.032,-0.048
"DELA_014-M-8.5-1-20190624",2019-06-24 15:37:00,"DELA_014-M-8.5-1",0.744,1.609,2.352,0.191,0.167
"DELA_037-M-0-12.5-20191112",2019-11-12 15:31:00,"DELA_037-M-0-12.5",1.31,0.626,1.935,0.243,0.136
"DELA_037-M-14-1.5-20190515",2019-05-15 19:09:00,"DELA_037-M-14-1.5",15.225,0.352,15.577,0.419,0.003
"DELA_037-M-17-3-20190626",2019-06-26 15:17:00,"DELA_037-M-17-3",1.675,1.878,3.553,-0.072,-0.063
"DELA_037-M-26-3-20191112",2019-11-12 15:41:00,"DELA_037-M-26-3",1.104,1.863,2.967,0.089,0.009
"DELA_037-M-28.5-39.5-20190515",2019-05-15 18:35:00,"DELA_037-M-28.5-39.5",4.116,0.835,4.951,0.059,-0.007
"DELA_037-M-30-11-20190515",2019-05-15 19:23:00,"DELA_037-M-30-11",5.03,0.191,5.221,0.475,0.017
"DELA_037-M-34.5-29-20190626",2019-06-26 14:49:00,"DELA_037-M-34.5-29",1.976,0.851,2.827,0.082,0.101
"DELA_037-M-8-20.5-20191112",2019-11-12 15:18:00,"DELA_037-M-8-20.5",0.866,1.626,2.492,0.103,0.073
"DELA_037-M-9.5-23-20190626",2019-06-26 14:55:00,"DELA_037-M-9.5-23",1.563,1.854,3.417,0.544,-0.065
"DELA_038-M-2-24.5-20191112",2019-11-12 16:55:00,"DELA_038-M-2-24.5",1.148,3.017,4.165,0.226,0.145
"DELA_038-M-24.5-36.5-20190626",2019-06-26 13:03:00,"DELA_038-M-24.5-36.5",2.277,2.472,4.749,0.058,0.081
"DELA_038-M-31.5-5-20191112",2019-11-12 16:20:00,"DELA_038-M-31.5-5",1.622,3.488,5.11,0.25,0.135
"DELA_038-M-32.5-11.5-20190626",2019-06-26 12:40:00,"DELA_038-M-32.5-11.5",1.511,2.137,3.648,0.234,0.197
"DELA_038-M-32.5-26-20191112",2019-11-12 16:40:00,"DELA_038-M-32.5-26",3.111,3.556,6.667,0.401,0.389
"DELA_038-M-34-8-20190513",2019-05-13 17:25:00,"DELA_038-M-34-8",12.114,1.723,13.837,-0.391,-0.054
"DELA_038-M-35-28-20190513",2019-05-13 17:07:00,"DELA_038-M-35-28",1.863,3.335,5.199,0.043,-0.12
"DELA_038-M-4-24-20190626",2019-06-26 13:19:00,"DELA_038-M-4-24",1.039,2.577,3.616,0.019,0.018
"DELA_038-M-5-15-20190513",2019-05-13 15:58:00,"DELA_038-M-5-15",1.965,1.177,3.143,1.706,-0.035
"DELA_040-M-11-4-20190626",2019-06-26 15:12:00,"DELA_040-M-11-4",1.248,0.747,1.995,0.234,0.093
"DELA_040-M-19-6.5-20190513",2019-05-13 19:12:00,"DELA_040-M-19-6.5",8.076,0.511,8.587,0.393,-0.009
"DELA_040-M-26-3-20190513",2019-05-13 19:32:00,"DELA_040-M-26-3",3.408,0.492,3.9,0.424,-0.009
"DELA_040-M-32-36.5-20190626",2019-06-26 15:30:00,"DELA_040-M-32-36.5",1.059,0.564,1.623,0.109,0.135
"DELA_040-M-34.5-29-20190513",2019-05-13 20:10:00,"DELA_040-M-34.5-29",2.043,1.119,3.162,0.269,-0.027
"DELA_040-M-35-17-20191112",2019-11-12 18:58:00,"DELA_040-M-35-17",1.019,1.47,2.489,0.053,-0.001
"DELA_040-M-5-11-20191112",2019-11-12 18:46:00,"DELA_040-M-5-11",1.569,2.188,3.756,0.162,0.068
"DELA_040-M-9-24-20191112",2019-11-12 19:14:00,"DELA_040-M-9-24",1.4,1.025,2.425,0.25,0.189
"DELA_040-M-9.5-36-20190626",2019-06-26 15:53:00,"DELA_040-M-9.5-36",1.227,0.508,1.735,0.111,0.147
"DELA_041-M-2-24.5-20191112",2019-11-12 17:21:00,"DELA_041-M-2-24.5",2.134,4.94,7.073,-0.139,-0.15
"DELA_041-M-32.5-11.5-20191112",2019-11-12 17:45:00,"DELA_041-M-32.5-11.5",1.736,8.326,10.063,-0.294,-0.358
"DELA_041-M-34-8-20190626",2019-06-26 14:08:00,"DELA_041-M-34-8",1.339,0.642,1.981,-0.014,0.034
"DELA_041-M-35-28-20190626",2019-06-26 14:18:00,"DELA_041-M-35-28",1.204,1.271,2.476,0.031,0.067
"DELA_041-M-4-24-20190626",2019-06-26 13:47:00,"DELA_041-M-4-24",1.667,0.724,2.392,0.04,0.043
"DELA_041-M-8.5-17.5-20191112",2019-11-12 17:33:00,"DELA_041-M-8.5-17.5",1.116,1.955,3.071,0.125,0.076
"LENO_001-M-12-7.5-20180425",2018-04-25 18:25:00,"LENO_001-M-12-7.5",1.565,0.756,2.321,0.26,0.006
"LENO_001-M-17.5-32-20180711",2018-07-11 15:40:00,"LENO_001-M-17.5-32",0.609,0.686,1.295,0.362,-0.011
"LENO_001-M-19.5-39-20181105",2018-11-05 21:22:00,"LENO_001-M-19.5-39",0.7,1.014,1.714,0.23,0.169
"LENO_001-M-21-20230627",2023-06-27 15:32:00,"LENO_001-M-21-peakGreenness-2023",0.887,0.455,1.342,0.016,-0.002
"LENO_001-M-21-20231108",2023-11-08 18:07:00,"LENO_001-M-21-dryWetTransition-2023",1.281,1.447,2.728,0.131,0.132
"LENO_001-M-23-20231108",2023-11-08 17:05:00,"LENO_001-M-23-dryWetTransition-2023",0.645,13.767,14.412,-0.38,-0.358
"LENO_001-M-29-3.5-20180711",2018-07-11 16:18:00,"LENO_001-M-29-3.5",0.466,1.257,1.722,0.222,0.034
"LENO_001-M-34-20.5-20181105",2018-11-05 21:35:00,"LENO_001-M-34-20.5",0.68,1.215,1.894,0.059,0.047
"LENO_001-M-35-7-20181105",2018-11-05 21:48:00,"LENO_001-M-35-7",0.968,0.68,1.648,0.111,0.102
"LENO_001-M-39-20230627",2023-06-27 15:08:00,"LENO_001-M-39-peakGreenness-2023",1.284,4.181,5.465,-0.087,-0.104
"LENO_001-M-39.5-37-20180711",2018-07-11 15:58:00,"LENO_001-M-39.5-37",0.862,0.73,1.593,0.271,-0.017
"LENO_001-M-41-20230627",2023-06-27 14:35:00,"LENO_001-M-41-peakGreenness-2023",7.747,1.394,9.141,0.379,-0.048
"LENO_001-M-41-20231108",2023-11-08 17:34:00,"LENO_001-M-41-dryWetTransition-2023",1.12,0.89,2.01,0.074,0.105
"LENO_001-M-5-23.5-20180425",2018-04-25 18:09:00,"LENO_001-M-5-23.5",2.073,1.159,3.233,0.291,-0.035
"LENO_002-M-11.5-35.5-20180709",2018-07-09 14:27:00,"LENO_002-M-11.5-35.5",0.464,1.548,2.012,1.039,0.901
"LENO_002-M-13-7.5-20181108",2018-11-08 21:14:00,"LENO_002-M-13-7.5",0.5,1.413,1.912,0.005,-0.029
"LENO_002-M-2-13-20180709",2018-07-09 14:02:00,"LENO_002-M-2-13",0.161,1.473,1.634,0.126,0.068
"LENO_002-M-2.5-5-20180424",2018-04-24 18:17:00,"LENO_002-M-2.5-5",1.538,1.613,3.152,0.017,-0.027
"LENO_002-M-20.5-32-20180709",2018-07-09 14:46:00,"LENO_002-M-20.5-32",0.949,1.21,2.159,0.551,0.442
"LENO_002-M-21-20230417",2023-04-17 15:39:00,"LENO_002-M-21-wetDryTransition-2023",1.609,0.783,2.393,0.199,-0.023
"LENO_002-M-21-20230629",2023-06-29 17:53:00,"LENO_002-M-21-peakGreenness-2023",1.51,3.724,5.234,-0.098,-0.098
"LENO_002-M-23-20230629",2023-06-29 17:29:00,"LENO_002-M-23-peakGreenness-2023",1.559,5.796,7.354,-0.132,-0.103
"LENO_002-M-23-20231108",2023-11-08 21:59:00,"LENO_002-M-23-dryWetTransition-2023",0.547,2.497,3.044,0.006,-0.04
"LENO_002-M-31.5-20-20181108",2018-11-08 20:52:00,"LENO_002-M-31.5-20",1.261,1.499,2.76,0.168,0.148
"LENO_002-M-33-16-20180424",2018-04-24 18:32:00,"LENO_002-M-33-16",1.991,3.045,5.035,0.464,-0.058
"LENO_002-M-39-20230417",2023-04-17 16:28:00,"LENO_002-M-39-wetDryTransition-2023",8.247,0.523,8.77,-0.118,-0.016
"LENO_002-M-39-20230629",2023-06-29 17:06:00,"LENO_002-M-39-peakGreenness-2023",1.578,1.854,3.432,0.528,-0.041
"LENO_002-M-39-20231108",2023-11-08 21:13:00,"LENO_002-M-39-dryWetTransition-2023",1.25,4.279,5.529,-0.106,-0.101
"LENO_002-M-41-20230417",2023-04-17 16:05:00,"LENO_002-M-41-wetDryTransition-2023",1.763,1.081,2.845,0.159,-0.008
"LENO_002-M-41-20231108",2023-11-08 21:41:00,"LENO_002-M-41-dryWetTransition-2023",0.844,1.071,1.915,0.206,0.215
"LENO_002-M-8.5-20.5-20180424",2018-04-24 17:58:00,"LENO_002-M-8.5-20.5",2.909,1.168,4.076,-0.058,0.014
"LENO_002-M-9.5-30-20181108",2018-11-08 20:36:00,"LENO_002-M-9.5-30",0.909,1.275,2.184,0.001,0.006
"LENO_003-M-17-3.5-20181108",2018-11-08 19:10:00,"LENO_003-M-17-3.5",1.709,1.145,2.853,-0.066,-0.019
"LENO_003-M-2-22-20180709",2018-07-09 15:52:00,"LENO_003-M-2-22",1.032,1.245,2.277,0.181,-0.021
"LENO_003-M-21-20230417",2023-04-17 19:12:00,"LENO_003-M-21-wetDryTransition-2023",2.803,1.466,4.269,-0.068,-0.063
"LENO_003-M-21-20230629",2023-06-29 15:52:00,"LENO_003-M-21-peakGreenness-2023",1.468,3.486,4.953,0.354,-0.142
"LENO_003-M-21-20231108",2023-11-08 20:25:00,"LENO_003-M-21-dryWetTransition-2023",1.659,2.974,4.634,-0.076,-0.068
"LENO_003-M-23-20230417",2023-04-17 18:00:00,"LENO_003-M-23-wetDryTransition-2023",0.937,1.442,2.379,0.208,-0.042
"LENO_003-M-23-20230629",2023-06-29 16:16:00,"LENO_003-M-23-peakGreenness-2023",2.777,4.02,6.797,0.221,-0.068
"LENO_003-M-24.5-37-20180709",2018-07-09 16:08:00,"LENO_003-M-24.5-37",2.285,1.531,3.816,0.061,-0.034
"LENO_003-M-29-7-20181108",2018-11-08 19:35:00,"LENO_003-M-29-7",1.503,1.635,3.138,0,0.011
"LENO_003-M-3.5-36-20180424",2018-04-24 17:23:00,"LENO_003-M-3.5-36",1.829,1.871,3.7,0.055,-0.023
"LENO_003-M-30.5-5-20180424",2018-04-24 17:05:00,"LENO_003-M-30.5-5",1.629,3.172,4.801,0.386,0.252
"LENO_003-M-31-8.5-20180709",2018-07-09 15:26:00,"LENO_003-M-31-8.5",0.721,1.029,1.75,0.54,-0.019
"LENO_003-M-38-22-20180424",2018-04-24 16:46:00,"LENO_003-M-38-22",3.37,2.565,5.934,-0.025,0.021
"LENO_003-M-39-20230417",2023-04-17 18:38:00,"LENO_003-M-39-wetDryTransition-2023",1.672,1.429,3.101,0.004,0.071
"LENO_003-M-39-20230629",2023-06-29 15:26:00,"LENO_003-M-39-peakGreenness-2023",0.877,4.74,5.617,0.374,-0.24
"LENO_003-M-39-20231108",2023-11-08 20:05:00,"LENO_003-M-39-dryWetTransition-2023",1.469,1.186,2.655,0.293,0.291
"LENO_003-M-39-36-20181108",2018-11-08 19:48:00,"LENO_003-M-39-36",2.547,3.424,5.971,0.112,0.116
"LENO_003-M-41-20231108",2023-11-08 19:38:00,"LENO_003-M-41-dryWetTransition-2023",1.241,1.659,2.899,0.125,0.102
"LENO_004-M-15-0.5-20180709",2018-07-09 18:28:00,"LENO_004-M-15-0.5",1.232,0.845,2.077,0.138,0.134
"LENO_004-M-2-10.5-20180424",2018-04-24 12:47:00,"LENO_004-M-2-10.5",0.8,2.051,2.851,-0.016,-0.06
"LENO_004-M-21-20230417",2023-04-17 19:46:00,"LENO_004-M-21-wetDryTransition-2023",2.794,0.462,3.256,0.098,0.121
"LENO_004-M-21-20230627",2023-06-27 18:49:00,"LENO_004-M-21-peakGreenness-2023",1.89,3.4,5.289,-0.118,-0.065
"LENO_004-M-23-20230417",2023-04-17 20:05:00,"LENO_004-M-23-wetDryTransition-2023",1.932,0.546,2.478,0.215,0.226
"LENO_004-M-23-20230627",2023-06-27 19:46:00,"LENO_004-M-23-peakGreenness-2023",3.44,0.444,3.884,-0.053,0.122
"LENO_004-M-23-20231106",2023-11-06 17:17:00,"LENO_004-M-23-dryWetTransition-2023",0.557,0.295,0.853,0.121,0.131
"LENO_004-M-25-31-20181108",2018-11-08 16:09:00,"LENO_004-M-25-31",1.373,0.87,2.243,-0.023,0.015
"LENO_004-M-28.5-6.5-20181108",2018-11-08 16:51:00,"LENO_004-M-28.5-6.5",0.947,2.127,3.074,-0.014,0.002
"LENO_004-M-3-20.5-20180424",2018-04-24 13:09:00,"LENO_004-M-3-20.5",1.5,1.511,3.011,-0.053,-0.013
"LENO_004-M-31.5-37.5-20180709",2018-07-09 18:57:00,"LENO_004-M-31.5-37.5",0.837,1.044,1.881,0.19,-0.021
"LENO_004-M-34-37-20180424",2018-04-24 13:29:00,"LENO_004-M-34-37",1.549,1.062,2.611,0.03,-0.017
"LENO_004-M-39-20230417",2023-04-17 19:08:00,"LENO_004-M-39-wetDryTransition-2023",3.265,0.776,4.04,0.024,0.105
"LENO_004-M-39-20230627",2023-06-27 19:09:00,"LENO_004-M-39-peakGreenness-2023",1.625,1.727,3.352,0.218,0.168
"LENO_004-M-39-20231106",2023-11-06 16:53:00,"LENO_004-M-39-dryWetTransition-2023",0.944,0.449,1.393,0.027,0.043
"LENO_004-M-41-20231106",2023-11-06 16:29:00,"LENO_004-M-41-dryWetTransition-2023",0.817,0.015,0.832,0.061,0.06
"LENO_004-M-5.5-39.5-20181108",2018-11-08 16:30:00,"LENO_004-M-5.5-39.5",1.116,1.287,2.404,0.041,-0.004
"LENO_004-M-8-28-20180709",2018-07-09 19:06:00,"LENO_004-M-8-28",1.264,1.285,2.548,0.222,0.257
"LENO_005-M-0-6-20181108",2018-11-08 15:00:00,"LENO_005-M-0-6",0.781,1.622,2.403,-0.026,-0.017
"LENO_005-M-0.5-16-20180709",2018-07-09 19:52:00,"LENO_005-M-0.5-16",2.133,0.673,2.806,-0.034,0.033
"LENO_005-M-11-38-20181108",2018-11-08 15:20:00,"LENO_005-M-11-38",1.819,1.175,2.994,-0.016,0.05
"LENO_005-M-18.5-38-20180424",2018-04-24 14:32:00,"LENO_005-M-18.5-38",0.607,1.323,1.93,0.091,0.113
"LENO_005-M-21-20230417",2023-04-17 17:33:00,"LENO_005-M-21-wetDryTransition-2023",1.856,0.319,2.175,0.25,0.287
"LENO_005-M-21-20230627",2023-06-27 17:18:00,"LENO_005-M-21-peakGreenness-2023",1.84,3.141,4.981,0.004,0.078
"LENO_005-M-23-20230627",2023-06-27 17:43:00,"LENO_005-M-23-peakGreenness-2023",0.951,2.29,3.24,-0.134,-0.128
"LENO_005-M-23-20231106",2023-11-06 19:04:00,"LENO_005-M-23-dryWetTransition-2023",0.747,0,0.747,0.052,0.051
"LENO_005-M-28-1-20181108",2018-11-08 14:43:00,"LENO_005-M-28-1",0.342,1.193,1.535,0.048,0.046
"LENO_005-M-30-38-20180709",2018-07-09 19:46:00,"LENO_005-M-30-38",0.699,1.083,1.782,0.272,0.29
"LENO_005-M-30-9.5-20180709",2018-07-09 20:05:00,"LENO_005-M-30-9.5",0.273,0.836,1.109,0.146,0.148
"LENO_005-M-36.5-22.5-20180424",2018-04-24 14:19:00,"LENO_005-M-36.5-22.5",0.477,0.715,1.192,-0.022,0.002
"LENO_005-M-39-20230417",2023-04-17 18:23:00,"LENO_005-M-39-wetDryTransition-2023",2.322,0.971,3.292,-0.047,-0.02
"LENO_005-M-39-20231106",2023-11-06 18:27:00,"LENO_005-M-39-dryWetTransition-2023",1.123,0.034,1.157,0.035,0.056
"LENO_005-M-4-15.5-20180424",2018-04-24 14:43:00,"LENO_005-M-4-15.5",0.327,1.031,1.358,0.132,0.092
"LENO_005-M-41-20230417",2023-04-17 17:59:00,"LENO_005-M-41-wetDryTransition-2023",3.497,0.632,4.129,0.08,0.181
"LENO_005-M-41-20230627",2023-06-27 18:01:00,"LENO_005-M-41-peakGreenness-2023",2.092,1.535,3.627,-0.024,0.066
"LENO_005-M-41-20231106",2023-11-06 18:47:00,"LENO_005-M-41-dryWetTransition-2023",0.637,0,0.637,0.043,0.047
"LENO_006-M-12-32-20181108",2018-11-08 18:21:00,"LENO_006-M-12-32",0.931,2.001,2.932,-0.026,-0.009
"LENO_006-M-19-39.5-20180424",2018-04-24 15:24:00,"LENO_006-M-19-39.5",1.42,1.174,2.594,0.194,0.133
"LENO_006-M-19.5-5.5-20180709",2018-07-09 17:13:00,"LENO_006-M-19.5-5.5",3.113,1.768,4.881,0.032,0.034
"LENO_006-M-21-20230417",2023-04-17 21:48:00,"LENO_006-M-21-wetDryTransition-2023",4.06,1.152,5.212,-0.05,-0.004
"LENO_006-M-21-20230629",2023-06-29 14:46:00,"LENO_006-M-21-peakGreenness-2023",1.337,1.253,2.59,0.219,0.065
"LENO_006-M-23-20231106",2023-11-06 20:45:00,"LENO_006-M-23-dryWetTransition-2023",0.967,0,0.967,0.089,0.075
"LENO_006-M-23.5-37.5-20180709",2018-07-09 17:44:00,"LENO_006-M-23.5-37.5",1.61,1.136,2.746,0.105,0.097
"LENO_006-M-25-36-20181108",2018-11-08 17:58:00,"LENO_006-M-25-36",0.887,1.446,2.333,0.032,0.026
"LENO_006-M-33-10-20180424",2018-04-24 15:44:00,"LENO_006-M-33-10",1.108,3.083,4.191,0.108,0.082
"LENO_006-M-37-2-20181108",2018-11-08 17:38:00,"LENO_006-M-37-2",2.408,1.413,3.822,-0.018,0.025
"LENO_006-M-39-12.5-20180709",2018-07-09 17:26:00,"LENO_006-M-39-12.5",0.923,2.335,3.258,0.448,0.363
"LENO_006-M-39-20230417",2023-04-17 21:32:00,"LENO_006-M-39-wetDryTransition-2023",2.197,1.33,3.527,-0.057,-0.007
"LENO_006-M-39-20230629",2023-06-29 14:26:00,"LENO_006-M-39-peakGreenness-2023",2.406,4.839,7.245,0.241,-0.228
"LENO_006-M-39-20231106",2023-11-06 20:09:00,"LENO_006-M-39-dryWetTransition-2023",0.847,0.214,1.061,0.15,0.102
"LENO_006-M-41-20230417",2023-04-17 21:03:00,"LENO_006-M-41-wetDryTransition-2023",6.546,1.008,7.554,0.149,0.021
"LENO_006-M-41-20230629",2023-06-29 14:01:00,"LENO_006-M-41-peakGreenness-2023",1.332,2.235,3.567,0.266,-0.038
"LENO_006-M-41-20231106",2023-11-06 20:27:00,"LENO_006-M-41-dryWetTransition-2023",0.919,0.325,1.244,0.133,0.13
"LENO_006-M-5.5-1-20180424",2018-04-24 16:12:00,"LENO_006-M-5.5-1",1.048,4.163,5.211,0.008,0.037
"LENO_061-M-0-22-20181105",2018-11-05 17:23:00,"LENO_061-M-0-22",1.668,1.161,2.829,0.232,0.185
"LENO_061-M-10.5-32.5-20180709",2018-07-09 14:33:00,"LENO_061-M-10.5-32.5",3.617,1.259,4.876,0.28,0.35
"LENO_061-M-12-2.5-20181105",2018-11-05 17:40:00,"LENO_061-M-12-2.5",1.182,1.463,2.644,0.181,0.152
"LENO_061-M-12.5-0.5-20180709",2018-07-09 14:53:00,"LENO_061-M-12.5-0.5",1.009,0.864,1.873,0.153,0.074
"LENO_061-M-21-20230412",2023-04-12 18:20:00,"LENO_061-M-21-wetDryTransition-2023",1.291,0.764,2.055,0.121,0.092
"LENO_061-M-21-20230629",2023-06-29 12:41:00,"LENO_061-M-21-peakGreenness-2023",2.035,2.611,4.646,0.211,-0.025
"LENO_061-M-21-20231106",2023-11-06 17:48:00,"LENO_061-M-21-dryWetTransition-2023",1.815,1.824,3.639,0.085,0.129
"LENO_061-M-23-20230412",2023-04-12 18:46:00,"LENO_061-M-23-wetDryTransition-2023",2.098,1.161,3.259,0.268,0.184
"LENO_061-M-23-20230629",2023-06-29 13:10:00,"LENO_061-M-23-peakGreenness-2023",2.091,6.166,8.258,0.642,0.317
"LENO_061-M-23-20231106",2023-11-06 18:12:00,"LENO_061-M-23-dryWetTransition-2023",1.105,0.655,1.76,0.079,0.093
"LENO_061-M-26-38-20180709",2018-07-09 14:10:00,"LENO_061-M-26-38",1.153,1.09,2.244,0.177,0.114
"LENO_061-M-35.5-17.5-20180425",2018-04-25 15:26:00,"LENO_061-M-35.5-17.5",4.316,1.97,6.286,-0.084,0.019
"LENO_061-M-35.5-24.5-20181105",2018-11-05 17:02:00,"LENO_061-M-35.5-24.5",1.754,1.191,2.945,-0.019,0.015
"LENO_061-M-39-20230412",2023-04-12 17:40:00,"LENO_061-M-39-wetDryTransition-2023",2.77,1.66,4.431,0.064,-0.056
"LENO_061-M-39-20231106",2023-11-06 17:22:00,"LENO_061-M-39-dryWetTransition-2023",0.796,1.408,2.204,0.139,0.135
"LENO_061-M-39.5-27-20180425",2018-04-25 15:44:00,"LENO_061-M-39.5-27",3.795,1.517,5.312,0.168,0.228
"LENO_061-M-41-20230629",2023-06-29 13:30:00,"LENO_061-M-41-peakGreenness-2023",2.277,4.47,6.747,0.108,0.055
"LENO_061-M-5.5-16.5-20180425",2018-04-25 15:11:00,"LENO_061-M-5.5-16.5",1.169,2.498,3.668,-0.008,-0.009
"LENO_062-M-0.5-27-20181105",2018-11-05 18:09:00,"LENO_062-M-0.5-27",1.197,1.224,2.422,0.065,0.065
"LENO_062-M-0.5-38.5-20180709",2018-07-09 15:35:00,"LENO_062-M-0.5-38.5",1.118,0.692,1.81,0.476,0.088
"LENO_062-M-1.5-12.5-20180709",2018-07-09 15:31:00,"LENO_062-M-1.5-12.5",0.796,1.531,2.327,0.166,0.127
"LENO_062-M-18-2.5-20181105",2018-11-05 18:22:00,"LENO_062-M-18-2.5",1.458,2.326,3.784,0.073,0.084
"LENO_062-M-21-20230412",2023-04-12 19:29:00,"LENO_062-M-21-wetDryTransition-2023",1.63,0.873,2.503,0.089,0.055
"LENO_062-M-21-20231106",2023-11-06 19:35:00,"LENO_062-M-21-dryWetTransition-2023",0.71,0.646,1.356,0.11,0.059
"LENO_062-M-23-20230412",2023-04-12 19:51:00,"LENO_062-M-23-wetDryTransition-2023",1.729,0.654,2.383,0.184,0.099
"LENO_062-M-23-20230629",2023-06-29 15:30:00,"LENO_062-M-23-peakGreenness-2023",1.47,6.974,8.443,-0.052,-0.069
"LENO_062-M-23-20231106",2023-11-06 19:09:00,"LENO_062-M-23-dryWetTransition-2023",0.778,0.62,1.398,0.096,0.076
"LENO_062-M-32.5-15-20180425",2018-04-25 17:08:00,"LENO_062-M-32.5-15",1.041,0.961,2.001,0.089,0.022
"LENO_062-M-38-34-20180709",2018-07-09 16:09:00,"LENO_062-M-38-34",0.734,0.661,1.395,0.123,0.085
"LENO_062-M-39-20230629",2023-06-29 15:08:00,"LENO_062-M-39-peakGreenness-2023",3.319,1.575,4.894,0.239,0.218
"LENO_062-M-39-27.5-20181105",2018-11-05 18:35:00,"LENO_062-M-39-27.5",1.082,1.003,2.085,0.077,0.06
"LENO_062-M-41-20230412",2023-04-12 20:03:00,"LENO_062-M-41-wetDryTransition-2023",2.849,1.311,4.16,0.02,0.048
"LENO_062-M-41-20230629",2023-06-29 14:25:00,"LENO_062-M-41-peakGreenness-2023",3.002,12.155,15.157,NA,NA
"LENO_062-M-41-20231106",2023-11-06 18:47:00,"LENO_062-M-41-dryWetTransition-2023",1.7,1.809,3.509,0.076,0.08
"LENO_062-M-5.5-12-20180425",2018-04-25 16:48:00,"LENO_062-M-5.5-12",2.225,1.229,3.454,-0.058,-0.009
"LENO_062-M-9.5-32.5-20180425",2018-04-25 17:22:00,"LENO_062-M-9.5-32.5",2.729,1.355,4.083,0.091,0.106
"LENO_063-M-18-2-20180425",2018-04-25 13:30:00,"LENO_063-M-18-2",2.15,0.822,2.972,0.028,-0.004
"LENO_063-M-2-34-20181105",2018-11-05 20:24:00,"LENO_063-M-2-34",1.362,2.774,4.136,-0.008,-0.014
"LENO_063-M-21-20230412",2023-04-12 17:59:00,"LENO_063-M-21-wetDryTransition-2023",4.163,0.505,4.668,0.028,0.035
"LENO_063-M-21-20231108",2023-11-08 13:25:00,"LENO_063-M-21-dryWetTransition-2023",1.146,0.195,1.341,0.031,0.026
"LENO_063-M-23-20230412",2023-04-12 17:16:00,"LENO_063-M-23-wetDryTransition-2023",1.858,0.37,2.228,0.044,0.069
"LENO_063-M-23-20230627",2023-06-27 17:10:00,"LENO_063-M-23-peakGreenness-2023",1.644,3.482,5.127,-0.191,-0.191
"LENO_063-M-23-20231108",2023-11-08 12:43:00,"LENO_063-M-23-dryWetTransition-2023",1.276,0.116,1.392,0,0.015
"LENO_063-M-29.5-4.5-20180709",2018-07-09 17:12:00,"LENO_063-M-29.5-4.5",0.974,0.596,1.571,0.138,0.053
"LENO_063-M-33-12.5-20181105",2018-11-05 20:38:00,"LENO_063-M-33-12.5",0.721,1.12,1.842,0.112,0.074
"LENO_063-M-33.5-12-20180425",2018-04-25 13:45:00,"LENO_063-M-33.5-12",1.654,1.021,2.676,-0.013,0.035
"LENO_063-M-39-20230412",2023-04-12 18:30:00,"LENO_063-M-39-wetDryTransition-2023",1.459,1.587,3.046,0.041,0.049
"LENO_063-M-39-20230627",2023-06-27 16:33:00,"LENO_063-M-39-peakGreenness-2023",1.168,7.107,8.275,-0.277,-0.334
"LENO_063-M-39.5-26.5-20180709",2018-07-09 17:26:00,"LENO_063-M-39.5-26.5",NA,NA,NA,NA,NA
"LENO_063-M-41-20230627",2023-06-27 16:53:00,"LENO_063-M-41-peakGreenness-2023",1.347,3.018,4.365,-0.056,-0.116
"LENO_063-M-41-20231108",2023-11-08 13:03:00,"LENO_063-M-41-dryWetTransition-2023",1.074,0.158,1.232,0.059,0.036
"LENO_063-M-6.5-15.5-20180709",2018-07-09 16:59:00,"LENO_063-M-6.5-15.5",0.722,0.9,1.622,0.109,-0.017
"LENO_063-M-7-22-20180425",2018-04-25 13:59:00,"LENO_063-M-7-22",3.245,1.859,5.103,-0.134,-0.061
"LENO_063-M-7.5-0.5-20181105",2018-11-05 20:11:00,"LENO_063-M-7.5-0.5",1.13,0.9,2.031,-0.042,-0.003
"LENO_064-M-1.5-23-20180425",2018-04-25 12:45:00,"LENO_064-M-1.5-23",1.888,1.324,3.212,0.026,0.045
"LENO_064-M-17-35-20180709",2018-07-09 18:17:00,"LENO_064-M-17-35",1.945,0.79,2.735,0.008,-0.016
"LENO_064-M-19-6.5-20181105",2018-11-05 19:47:00,"LENO_064-M-19-6.5",0.807,0.7,1.506,-0.004,0.009
"LENO_064-M-21-20230412",2023-04-12 16:15:00,"LENO_064-M-21-wetDryTransition-2023",1.039,0.272,1.311,0.079,0.05
"LENO_064-M-21-20230627",2023-06-27 18:14:00,"LENO_064-M-21-peakGreenness-2023",2.242,3.384,5.625,-0.21,-0.149
"LENO_064-M-21-20231108",2023-11-08 14:12:00,"LENO_064-M-21-dryWetTransition-2023",1.297,0.147,1.444,0.011,0.049
"LENO_064-M-23-20230412",2023-04-12 15:27:00,"LENO_064-M-23-wetDryTransition-2023",1.712,0.295,2.007,-0.016,0.015
"LENO_064-M-23-20230627",2023-06-27 18:29:00,"LENO_064-M-23-peakGreenness-2023",1.924,0.6,2.524,0.012,-0.017
"LENO_064-M-29-37-20180425",2018-04-25 12:55:00,"LENO_064-M-29-37",2.358,0.881,3.239,0.069,0.014
"LENO_064-M-3-10.5-20180709",2018-07-09 17:57:00,"LENO_064-M-3-10.5",1.798,0.61,2.408,-0.011,0.023
"LENO_064-M-30.5-35.5-20181105",2018-11-05 19:22:00,"LENO_064-M-30.5-35.5",0.861,1.113,1.974,0,0.011
"LENO_064-M-32-9.5-20180709",2018-07-09 17:59:00,"LENO_064-M-32-9.5",0.933,0.58,1.512,0.162,0.028
"LENO_064-M-39-20230627",2023-06-27 17:56:00,"LENO_064-M-39-peakGreenness-2023",2.34,0.189,2.529,-0.068,0.011
"LENO_064-M-39-20231108",2023-11-08 13:49:00,"LENO_064-M-39-dryWetTransition-2023",0.87,0.169,1.039,-0.001,0.016
"LENO_064-M-41-20230412",2023-04-12 15:51:00,"LENO_064-M-41-wetDryTransition-2023",1.741,0.88,2.621,-0.07,-0.023
"LENO_064-M-41-20231108",2023-11-08 14:33:00,"LENO_064-M-41-dryWetTransition-2023",0.814,0,0.814,0,0.017
"LENO_064-M-6.5-28-20181105",2018-11-05 19:35:00,"LENO_064-M-6.5-28",0.661,0.342,1.003,0.048,0.036
"LENO_064-M-8-19-20180425",2018-04-25 12:34:00,"LENO_064-M-8-19",2.429,1.026,3.456,-0.076,-0.018
"TALL_001-M-10-39-20210603",2021-06-03 16:01:00,"TALL_001-M-10-39",0.335,0.753,1.088,0.039,-0.018
"TALL_001-M-13-30-20210330",2021-03-30 17:03:00,"TALL_001-M-13-30",2.821,0.767,3.589,0.056,-0.013
"TALL_001-M-2-7.5-20210603",2021-06-03 16:42:00,"TALL_001-M-2-7.5",0.659,0.745,1.404,0.075,-0.017
"TALL_001-M-28-6.5-20210330",2021-03-30 17:48:00,"TALL_001-M-28-6.5",1.875,0.907,2.783,0.051,-0.018
"TALL_001-M-3-0-20211101",2021-11-01 18:18:00,"TALL_001-M-3-0",0.519,0.273,0.792,-0.017,-0.009
"TALL_001-M-30.5-27-20210603",2021-06-03 16:17:00,"TALL_001-M-30.5-27",0.816,2.901,3.717,-0.073,-0.119
"TALL_001-M-33-26-20211101",2021-11-01 17:57:00,"TALL_001-M-33-26",1.012,0.3,1.312,-0.008,0.006
"TALL_001-M-33.5-25-20170612",2017-06-12 14:17:00,"TALL_001-M-33.5-25",1.066,0.484,1.551,NA,NA
"TALL_001-M-39-22-20210330",2021-03-30 17:31:00,"TALL_001-M-39-22",1.425,1.264,2.689,0.02,-0.024
"TALL_001-M-5.5-36-20211101",2021-11-01 18:39:00,"TALL_001-M-5.5-36",0.383,0.428,0.811,-0.022,-0.017
"TALL_001-O-16.5-39.5-20170406",2017-04-06 15:08:00,"TALL_001-O-16.5-39.5",0,0,0,0.128,0.003
"TALL_001-O-18-36.5-20171030",2017-10-30 16:35:00,"TALL_001-O-18-36.5",0,0.125,0.125,NA,NA
"TALL_001-O-32-24-20170406",2017-04-06 14:25:00,"TALL_001-O-32-24",1.1,0.216,1.316,0.145,0.035
"TALL_001-O-32.5-37-20171030",2017-10-30 16:48:00,"TALL_001-O-32.5-37",0.212,0.102,0.314,NA,NA
"TALL_001-O-33.5-11.5-20170612",2017-06-12 14:22:00,"TALL_001-O-33.5-11.5",1.108,0.329,1.437,NA,NA
"TALL_001-O-33.5-25-20170612",2017-06-12 13:48:00,"TALL_001-O-33.5-25",1.847,0.503,2.35,NA,NA
"TALL_001-O-39-8-20171030",2017-10-30 17:09:00,"TALL_001-O-39-8",0.322,0.216,0.538,NA,NA
"TALL_001-O-6.5-12.5-20170406",2017-04-06 14:46:00,"TALL_001-O-6.5-12.5",0.015,0.099,0.114,0.259,0.001
"TALL_001-O-7.5-25-20170612",2017-06-12 14:53:00,"TALL_001-O-7.5-25",0.845,0.409,1.254,NA,NA
"TALL_002-M-1-14-20210601",2021-06-01 17:14:00,"TALL_002-M-1-14",0.844,0.462,1.306,0.068,0.017
"TALL_002-M-11-2-20210329",2021-03-29 17:10:00,"TALL_002-M-11-2",1.265,0.772,2.036,-0.001,0.018
"TALL_002-M-12.5-39-20171101",2017-11-01 17:14:00,"TALL_002-M-12.5-39",0.359,0.252,0.611,NA,NA
"TALL_002-M-13-36-20170612",2017-06-12 15:24:00,"TALL_002-M-13-36",1.327,1.123,2.45,NA,NA
"TALL_002-M-13.5-35.5-20210601",2021-06-01 17:46:00,"TALL_002-M-13.5-35.5",1.176,0.65,1.826,0.005,0.013
"TALL_002-M-14-2-20171101",2017-11-01 17:32:00,"TALL_002-M-14-2",0.535,0.216,0.752,NA,NA
"TALL_002-M-14-37-20211103",2021-11-03 16:57:00,"TALL_002-M-14-37",0.91,0.824,1.734,0.044,-0.031
"TALL_002-M-17-8-20170406",2017-04-06 14:32:00,"TALL_002-M-17-8",0.198,0.106,0.304,0.096,0.013
"TALL_002-M-2.5-2-20211103",2021-11-03 17:20:00,"TALL_002-M-2.5-2",0.228,2.499,2.727,-0.098,-0.106
"TALL_002-M-26-31-20171101",2017-11-01 17:22:00,"TALL_002-M-26-31",0.679,0.175,0.854,NA,NA
"TALL_002-M-3-15-20170612",2017-06-12 15:03:00,"TALL_002-M-3-15",1.106,0.671,1.777,NA,NA
"TALL_002-M-32.5-19-20210329",2021-03-29 16:48:00,"TALL_002-M-32.5-19",1.306,0.383,1.689,0.029,0.019
"TALL_002-M-33-20.5-20211103",2021-11-03 17:04:00,"TALL_002-M-33-20.5",0.989,0.594,1.582,-0.036,-0.017
"TALL_002-M-33.5-24-20210601",2021-06-01 17:31:00,"TALL_002-M-33.5-24",1.421,0.833,2.253,0.22,0.059
"TALL_002-M-34-31.5-20210329",2021-03-29 16:23:00,"TALL_002-M-34-31.5",1.324,1.436,2.76,0.029,-0.023
"TALL_002-M-39-26-20170612",2017-06-12 15:42:00,"TALL_002-M-39-26",1.285,0.425,1.71,NA,NA
"TALL_002-M-8-34-20170406",2017-04-06 14:08:00,"TALL_002-M-8-34",0.1,0,0.1,0.164,0.008
"TALL_002-O-37-8.5-20170406",2017-04-06 14:49:00,"TALL_002-O-37-8.5",8.147,10.952,19.099,-0.546,-0.593
"TALL_003-M-14-4-20171101",2017-11-01 18:13:00,"TALL_003-M-14-4",0.375,0.102,0.477,NA,NA
"TALL_003-M-15-33.5-20170406",2017-04-06 18:18:00,"TALL_003-M-15-33.5",0.851,0.23,1.082,0.277,0.119
"TALL_003-M-15.5-35.5-20170612",2017-06-12 19:49:00,"TALL_003-M-15.5-35.5",1.109,0.444,1.553,NA,NA
"TALL_003-M-20.5-2-20170612",2017-06-12 19:38:00,"TALL_003-M-20.5-2",0.743,0.355,1.097,NA,NA
"TALL_003-M-20.5-33-20170406",2017-04-06 18:46:00,"TALL_003-M-20.5-33",0.034,0.144,0.178,0.367,0.143
"TALL_003-M-30-16-20211103",2021-11-03 14:32:00,"TALL_003-M-30-16",1.552,0.687,2.239,-0.058,-0.02
"TALL_003-M-30-4.5-20210601",2021-06-01 12:52:00,"TALL_003-M-30-4.5",0.769,0.62,1.389,0.031,0.007
"TALL_003-M-33-13.5-20170406",2017-04-06 19:03:00,"TALL_003-M-33-13.5",0.532,0.471,1.003,0.137,0.058
"TALL_003-M-33-2.5-20171101",2017-11-01 18:31:00,"TALL_003-M-33-2.5",1.259,0.22,1.479,NA,NA
"TALL_003-M-33-22-20170612",2017-06-12 20:13:00,"TALL_003-M-33-22",0.988,0.471,1.459,NA,NA
"TALL_003-M-33.5-26-20171101",2017-11-01 18:36:00,"TALL_003-M-33.5-26",1.465,1.476,2.941,NA,NA
"TALL_003-M-34.5-31.5-20210329",2021-03-29 20:42:00,"TALL_003-M-34.5-31.5",1.821,0.383,2.205,0.043,0.076
"TALL_003-M-37-5-20210329",2021-03-29 20:25:00,"TALL_003-M-37-5",2.422,0.552,2.974,0.342,0.375
"TALL_003-M-5-39-20210601",2021-06-01 12:36:00,"TALL_003-M-5-39",0.818,0.561,1.379,0.08,0.033
"TALL_003-M-5.5-15-20210601",2021-06-01 12:15:00,"TALL_003-M-5.5-15",0.256,0.385,0.64,0.068,0.028
"TALL_003-M-5.5-18.5-20211103",2021-11-03 14:55:00,"TALL_003-M-5.5-18.5",0.251,0.774,1.025,-0.031,-0.033
"TALL_003-M-6-1-20210329",2021-03-29 20:03:00,"TALL_003-M-6-1",1.097,0.792,1.889,0.069,0.025
"TALL_003-M-9-32-20211103",2021-11-03 14:36:00,"TALL_003-M-9-32",0.851,0.448,1.299,-0.021,-0.02
"TALL_004-M-10-32-20210601",2021-06-01 15:34:00,"TALL_004-M-10-32",0.622,0.551,1.172,0.067,-0.013
"TALL_004-M-11-36.5-20170406",2017-04-06 19:27:00,"TALL_004-M-11-36.5",0,0.405,0.405,0.048,-0.023
"TALL_004-M-11-6-20210601",2021-06-01 15:52:00,"TALL_004-M-11-6",0.388,0.519,0.907,0.023,0.014
"TALL_004-M-12.5-2.5-20211103",2021-11-03 13:36:00,"TALL_004-M-12.5-2.5",0.315,0.327,0.641,0.014,0.012
"TALL_004-M-12.5-36-20210329",2021-03-29 14:25:00,"TALL_004-M-12.5-36",0.535,0.365,0.9,0.024,0.009
"TALL_004-M-13.5-39.5-20171030",2017-10-30 18:03:00,"TALL_004-M-13.5-39.5",0,0.981,0.981,NA,NA
"TALL_004-M-15.5-33.5-20211103",2021-11-03 13:22:00,"TALL_004-M-15.5-33.5",0.468,0.335,0.803,0.021,0.016
"TALL_004-M-27-39.5-20171030",2017-10-30 18:35:00,"TALL_004-M-27-39.5",0,0.103,0.103,NA,NA
"TALL_004-M-30-4-20210329",2021-03-29 15:17:00,"TALL_004-M-30-4",1.089,0.773,1.861,0.059,-0.008
"TALL_004-M-31-23-20170406",2017-04-06 18:48:00,"TALL_004-M-31-23",0.112,0.621,0.732,0.104,-0.019
"TALL_004-M-31.5-15.5-20211103",2021-11-03 13:42:00,"TALL_004-M-31.5-15.5",0.24,0.264,0.504,0.046,0.005
"TALL_004-M-31.5-3-20171030",2017-10-30 18:57:00,"TALL_004-M-31.5-3",0.083,0.309,0.392,NA,NA
"TALL_004-M-33-20.5-20170612",2017-06-12 18:44:00,"TALL_004-M-33-20.5",0.267,0.227,0.493,NA,NA
"TALL_004-M-36-7.5-20210601",2021-06-01 16:05:00,"TALL_004-M-36-7.5",0.934,0.593,1.527,0.042,-0.01
"TALL_004-M-4.5-13.5-20170406",2017-04-06 19:12:00,"TALL_004-M-4.5-13.5",0.335,0.839,1.175,0.065,-0.043
"TALL_004-M-5.5-5-20210329",2021-03-29 15:03:00,"TALL_004-M-5.5-5",0.665,0.881,1.546,0.044,-0.003
"TALL_004-M-7-23.5-20170612",2017-06-12 19:15:00,"TALL_004-M-7-23.5",0.262,0.385,0.647,NA,NA
"TALL_004-M-7.5-0.5-20170612",2017-06-12 19:00:00,"TALL_004-M-7.5-0.5",0.183,0.212,0.395,NA,NA
"TALL_006-M-1.5-11.5-20210601",2021-06-01 13:52:00,"TALL_006-M-1.5-11.5",0.683,0.546,1.229,0.153,0.119
"TALL_006-M-1.5-7-20210329",2021-03-29 19:19:00,"TALL_006-M-1.5-7",0.367,0.513,0.88,0.042,0.011
"TALL_006-M-11-8-20170406",2017-04-06 16:52:00,"TALL_006-M-11-8",0.2,0.136,0.335,0.297,0.062
"TALL_006-M-14.5-37-20210329",2021-03-29 18:45:00,"TALL_006-M-14.5-37",2.191,0.88,3.071,-0.014,0.002
"TALL_006-M-2-15.5-20211103",2021-11-03 15:45:00,"TALL_006-M-2-15.5",0.327,0.516,0.843,-0.002,-0.021
"TALL_006-M-2-36.5-20170406",2017-04-06 17:13:00,"TALL_006-M-2-36.5",0,0.085,0.085,0.084,0.012
"TALL_006-M-23-38.5-20211103",2021-11-03 15:53:00,"TALL_006-M-23-38.5",0.85,0.523,1.373,-0.011,-0.015
"TALL_006-M-30-19.5-20210329",2021-03-29 19:01:00,"TALL_006-M-30-19.5",0.362,0.488,0.851,0.056,0.009
"TALL_006-M-30.5-13-20171030",2017-10-30 15:19:00,"TALL_006-M-30.5-13",0,0.138,0.138,NA,NA
"TALL_006-M-31-18-20170406",2017-04-06 16:31:00,"TALL_006-M-31-18",0.26,0.244,0.504,1.147,0.004
"TALL_006-M-31.5-24.5-20210601",2021-06-01 14:17:00,"TALL_006-M-31.5-24.5",0.461,0.305,0.766,0.07,0.046
"TALL_006-M-31.5-32.5-20171030",2017-10-30 15:06:00,"TALL_006-M-31.5-32.5",0.127,0.071,0.198,NA,NA
"TALL_006-M-32-28.5-20170612",2017-06-12 17:51:00,"TALL_006-M-32-28.5",0.394,0.357,0.751,NA,NA
"TALL_006-M-36-1-20170612",2017-06-12 18:08:00,"TALL_006-M-36-1",0.681,0.368,1.049,NA,NA
"TALL_006-M-5.5-23-20210601",2021-06-01 14:06:00,"TALL_006-M-5.5-23",0.731,0.592,1.323,0.074,0.048
"TALL_006-M-6.5-9.5-20170612",2017-06-12 18:26:00,"TALL_006-M-6.5-9.5",0.98,0.389,1.369,NA,NA
"TALL_006-M-7-26.5-20171030",2017-10-30 14:45:00,"TALL_006-M-7-26.5",0.597,0.113,0.711,NA,NA
"TALL_006-M-8.5-25-20211103",2021-11-03 15:33:00,"TALL_006-M-8.5-25",0.7,0.327,1.027,-0.026,-0.008
"TALL_007-M-1-35-20210330",2021-03-30 14:38:00,"TALL_007-M-1-35",1.043,0.63,1.673,0.012,0.003
"TALL_007-M-10.5-33-20170406",2017-04-06 16:20:00,"TALL_007-M-10.5-33",0.559,0.479,1.038,0.417,-0.021
"TALL_007-M-12.5-31.5-20211101",2021-11-01 17:52:00,"TALL_007-M-12.5-31.5",0.398,0.248,0.646,-0.005,-0.005
"TALL_007-M-13-0-20170406",2017-04-06 16:59:00,"TALL_007-M-13-0",0.462,0.536,0.998,0.144,0.014
"TALL_007-M-13-30-20170612",2017-06-12 16:54:00,"TALL_007-M-13-30",0.325,0.54,0.865,NA,NA
"TALL_007-M-17.5-9-20210603",2021-06-03 17:19:00,"TALL_007-M-17.5-9",0.916,0.36,1.276,0.064,0.009
"TALL_007-M-23.5-2-20170406",2017-04-06 16:40:00,"TALL_007-M-23.5-2",0.852,0.547,1.398,1.837,-0.019
"TALL_007-M-23.5-38-20210330",2021-03-30 15:06:00,"TALL_007-M-23.5-38",0.853,1.482,2.335,0.045,-0.024
"TALL_007-M-3-15.5-20170612",2017-06-12 17:01:00,"TALL_007-M-3-15.5",2.945,0.675,3.62,NA,NA
"TALL_007-M-30.5-31.5-20171030",2017-10-30 15:02:00,"TALL_007-M-30.5-31.5",0.625,0.162,0.786,NA,NA
"TALL_007-M-31-15-20171030",2017-10-30 15:21:00,"TALL_007-M-31-15",0.766,0.172,0.937,NA,NA
"TALL_007-M-33-10.5-20210603",2021-06-03 17:41:00,"TALL_007-M-33-10.5",0.91,0.513,1.423,0.021,0.004
"TALL_007-M-33-14.5-20210330",2021-03-30 15:26:00,"TALL_007-M-33-14.5",1.068,0.35,1.418,0.09,0.034
"TALL_007-M-35-26.5-20170612",2017-06-12 16:27:00,"TALL_007-M-35-26.5",0.561,0.531,1.093,NA,NA
"TALL_007-M-35.5-22-20211101",2021-11-01 17:34:00,"TALL_007-M-35.5-22",0.569,0.393,0.962,-0.013,-0.012
"TALL_007-M-37-3-20211101",2021-11-01 17:17:00,"TALL_007-M-37-3",0.763,0.889,1.652,-0.051,-0.034
"TALL_007-M-39-25.5-20210603",2021-06-03 17:52:00,"TALL_007-M-39-25.5",0.38,0.59,0.971,0.068,-0.006
"TALL_007-M-7.5-3-20171030",2017-10-30 15:33:00,"TALL_007-M-7.5-3",0.887,0.092,0.979,NA,NA
"TALL_007-O-13-30-20170612",2017-06-12 16:35:00,"TALL_007-O-13-30",1.22,0.485,1.704,NA,NA
"TALL_007-O-35-26.5-20170612",2017-06-12 16:14:00,"TALL_007-O-35-26.5",0.546,0.588,1.133,NA,NA
"TALL_044-M-1-26-20210603",2021-06-03 14:56:00,"TALL_044-M-1-26",0.453,2.84,3.293,-0.078,-0.097
"TALL_044-M-1.5-15-20170614",2017-06-14 16:43:00,"TALL_044-M-1.5-15",0.597,0.415,1.012,NA,NA
"TALL_044-M-13.5-6.5-20210603",2021-06-03 15:38:00,"TALL_044-M-13.5-6.5",0.469,1.491,1.96,-0.028,-0.041
"TALL_044-M-17.5-3-20210603",2021-06-03 15:16:00,"TALL_044-M-17.5-3",0.433,0.368,0.801,0.041,0.01
"TALL_044-M-18-32.5-20171030",2017-10-30 17:34:00,"TALL_044-M-18-32.5",0.367,0.14,0.507,NA,NA
"TALL_044-M-2.5-14.5-20170404",2017-04-04 17:26:00,"TALL_044-M-2.5-14.5",1.181,0.669,1.85,0.044,-0.007
"TALL_044-M-24.5-9-20210401",2021-04-01 15:25:00,"TALL_044-M-24.5-9",0.97,1.869,2.838,-0.058,-0.06
"TALL_044-M-3.5-23-20210401",2021-04-01 14:44:00,"TALL_044-M-3.5-23",0.646,2.336,2.983,-0.025,-0.063
"TALL_044-M-3.5-4.5-20171030",2017-10-30 17:20:00,"TALL_044-M-3.5-4.5",0.084,0.118,0.202,NA,NA
"TALL_044-M-3.5-9-20210401",2021-04-01 15:02:00,"TALL_044-M-3.5-9",0.518,1.003,1.521,-0.018,-0.029
"TALL_044-M-30.5-12-20170404",2017-04-04 16:33:00,"TALL_044-M-30.5-12",1.588,0.4,1.989,0.116,-0.02
"TALL_044-M-31-21.5-20170614",2017-06-14 16:05:00,"TALL_044-M-31-21.5",0.747,0.261,1.008,NA,NA
"TALL_044-M-31.5-21-20170404",2017-04-04 16:54:00,"TALL_044-M-31.5-21",2.066,0.203,2.269,0.035,0
"TALL_044-M-33-22.5-20171030",2017-10-30 17:47:00,"TALL_044-M-33-22.5",0.304,0.2,0.504,NA,NA
"TALL_044-M-37.5-5-20211101",2021-11-01 15:51:00,"TALL_044-M-37.5-5",0.413,0.241,0.654,0.009,-0.001
"TALL_044-M-39-39.5-20211101",2021-11-01 15:25:00,"TALL_044-M-39-39.5",0.891,0.239,1.13,-0.005,0.001
"TALL_044-M-5-22.5-20170614",2017-06-14 16:29:00,"TALL_044-M-5-22.5",0.777,0.57,1.347,NA,NA
"TALL_044-M-6.5-11.5-20211101",2021-11-01 15:07:00,"TALL_044-M-6.5-11.5",0.25,0.317,0.567,0.043,-0.001
"TALL_047-M-13.5-33-20171030",2017-10-30 18:28:00,"TALL_047-M-13.5-33",0.6,0.507,1.107,NA,NA
"TALL_047-M-13.5-34-20210401",2021-04-01 12:56:00,"TALL_047-M-13.5-34",1.327,0.985,2.312,-0.006,0.002
"TALL_047-M-2.5-35.5-20210603",2021-06-03 12:48:00,"TALL_047-M-2.5-35.5",0.98,3.008,3.987,-0.046,-0.097
"TALL_047-M-23-32-20211101",2021-11-01 14:29:00,"TALL_047-M-23-32",2.207,0.291,2.498,0.101,0.051
"TALL_047-M-25.5-31.5-20171030",2017-10-30 18:37:00,"TALL_047-M-25.5-31.5",0.929,0.139,1.068,NA,NA
"TALL_047-M-27.5-37-20210603",2021-06-03 13:07:00,"TALL_047-M-27.5-37",1.098,1.953,3.051,0.082,-0.018
"TALL_047-M-30.5-17-20171030",2017-10-30 18:50:00,"TALL_047-M-30.5-17",0.42,0.114,0.534,NA,NA
"TALL_047-M-31-28-20210401",2021-04-01 13:23:00,"TALL_047-M-31-28",0.606,0.964,1.57,0.063,-0.007
"TALL_047-M-31.5-22.5-20170404",2017-04-04 18:06:00,"TALL_047-M-31.5-22.5",1.803,0.397,2.199,-0.045,-0.002
"TALL_047-M-32.5-17-20210401",2021-04-01 13:42:00,"TALL_047-M-32.5-17",0.663,0.992,1.655,-0.015,-0.022
"TALL_047-M-36-13-20170614",2017-06-14 17:16:00,"TALL_047-M-36-13",0.531,0.331,0.861,NA,NA
"TALL_047-M-39-12.5-20211101",2021-11-01 14:14:00,"TALL_047-M-39-12.5",0.564,0.578,1.142,-0.029,-0.022
"TALL_047-M-39-5.5-20170404",2017-04-04 18:26:00,"TALL_047-M-39-5.5",2.145,0.247,2.392,-0.046,0
"TALL_047-M-6-39-20170614",2017-06-14 17:31:00,"TALL_047-M-6-39",0.55,0.352,0.902,NA,NA
"TALL_047-M-6.5-13.5-20211101",2021-11-01 13:55:00,"TALL_047-M-6.5-13.5",1.019,0.273,1.292,-0.008,-0.009
"TALL_047-M-7-7.5-20210603",2021-06-03 12:20:00,"TALL_047-M-7-7.5",1.602,1.521,3.123,-0.051,-0.031
"TALL_047-M-8-22-20170404",2017-04-04 18:43:00,"TALL_047-M-8-22",1.315,0.237,1.552,-0.022,-0.008
"TALL_047-M-9-0-20170614",2017-06-14 17:40:00,"TALL_047-M-9-0",1.253,0.706,1.959,NA,NA
"TALL_051-M-0.5-28.5-20170614",2017-06-14 13:19:00,"TALL_051-M-0.5-28.5",1.596,0.888,2.484,NA,NA
"TALL_051-M-1-27.5-20211101",2021-11-01 16:20:00,"TALL_051-M-1-27.5",0.656,0.634,1.291,0.137,-0.025
"TALL_051-M-13.5-7.5-20210603",2021-06-03 13:32:00,"TALL_051-M-13.5-7.5",0.847,2.619,3.467,0.014,-0.079
"TALL_051-M-16.5-1-20171101",2017-11-01 15:49:00,"TALL_051-M-16.5-1",0.793,0.204,0.997,NA,NA
"TALL_051-M-17-32.5-20210401",2021-04-01 14:56:00,"TALL_051-M-17-32.5",1.203,0.963,2.165,NA,NA
"TALL_051-M-17.5-2.5-20170404",2017-04-04 14:40:00,"TALL_051-M-17.5-2.5",0.752,0,0.752,0.189,0
"TALL_051-M-19.5-9.5-20170614",2017-06-14 13:41:00,"TALL_051-M-19.5-9.5",0.517,0.202,0.719,NA,NA
"TALL_051-M-2-19.5-20211101",2021-11-01 16:05:00,"TALL_051-M-2-19.5",0.587,0.386,0.974,-0.004,-0.011
"TALL_051-M-24-35-20170404",2017-04-04 15:01:00,"TALL_051-M-24-35",0.938,0.063,1.001,0,-0.003
"TALL_051-M-25-7-20171101",2017-11-01 15:56:00,"TALL_051-M-25-7",0.413,0.151,0.565,NA,NA
"TALL_051-M-27.5-5-20210401",2021-04-01 15:41:00,"TALL_051-M-27.5-5",0.533,0.607,1.14,0.013,-0.006
"TALL_051-M-29.5-35-20210603",2021-06-03 14:17:00,"TALL_051-M-29.5-35",0.256,1.949,2.205,-0.015,-0.079
"TALL_051-M-30-13.5-20170404",2017-04-04 15:31:00,"TALL_051-M-30-13.5",0.492,0.196,0.688,0.054,-0.01
"TALL_051-M-30-23.5-20170614",2017-06-14 12:54:00,"TALL_051-M-30-23.5",0.589,0.373,0.962,NA,NA
"TALL_051-M-31-18-20211101",2021-11-01 15:44:00,"TALL_051-M-31-18",0.655,0.286,0.941,-0.016,-0.011
"TALL_051-M-35.5-20-20171101",2017-11-01 16:05:00,"TALL_051-M-35.5-20",0.415,0.152,0.568,NA,NA
"TALL_051-M-7-15.5-20210401",2021-04-01 15:21:00,"TALL_051-M-7-15.5",2.294,1.033,3.327,0.079,0.072
"TALL_051-M-9.5-30-20210603",2021-06-03 13:51:00,"TALL_051-M-9.5-30",1.025,2.172,3.197,0.131,-0.051
"TALL_054-M-12-1.5-20170404",2017-04-04 20:24:00,"TALL_054-M-12-1.5",0.212,0.279,0.491,0.148,0.027
"TALL_054-M-13.5-7.5-20210401",2021-04-01 13:53:00,"TALL_054-M-13.5-7.5",0.333,1.025,1.357,0.203,-0.016
"TALL_054-M-24.5-32-20210603",2021-06-03 12:41:00,"TALL_054-M-24.5-32",0.772,2.245,3.017,0.208,-0.023
"TALL_054-M-25-2.5-20170404",2017-04-04 20:06:00,"TALL_054-M-25-2.5",0.515,0.3,0.815,0.17,0.123
"TALL_054-M-26.5-39.5-20211101",2021-11-01 14:46:00,"TALL_054-M-26.5-39.5",0.808,0.59,1.398,-0.029,-0.008
"TALL_054-M-31-18-20210401",2021-04-01 13:13:00,"TALL_054-M-31-18",0.457,0.714,1.171,0.002,-0.003
"TALL_054-M-31.5-34-20170614",2017-06-14 14:12:00,"TALL_054-M-31.5-34",0.395,0.955,1.349,NA,NA
"TALL_054-M-32.5-16-20211101",2021-11-01 14:21:00,"TALL_054-M-32.5-16",0.281,0.445,0.727,-0.014,-0.014
"TALL_054-M-33-29-20170404",2017-04-04 19:43:00,"TALL_054-M-33-29",0.343,0.364,0.707,0.029,-0.01
"TALL_054-M-34-29.5-20171101",2017-11-01 15:00:00,"TALL_054-M-34-29.5",0.311,0.151,0.462,NA,NA
"TALL_054-M-35-6-20171101",2017-11-01 15:11:00,"TALL_054-M-35-6",0.53,0.127,0.657,NA,NA
"TALL_054-M-35.5-6-20170614",2017-06-14 14:27:00,"TALL_054-M-35.5-6",5.16,0.287,5.447,NA,NA
"TALL_054-M-36-7-20210603",2021-06-03 12:00:00,"TALL_054-M-36-7",0.511,1.328,1.839,0.023,0.004
"TALL_054-M-5-25.5-20210603",2021-06-03 12:25:00,"TALL_054-M-5-25.5",0.611,0.563,1.174,0.013,0.022
"TALL_054-M-5.5-1-20170614",2017-06-14 14:47:00,"TALL_054-M-5.5-1",0.374,0.214,0.588,NA,NA
"TALL_054-M-7.5-16-20211101",2021-11-01 13:55:00,"TALL_054-M-7.5-16",0.291,0.427,0.718,-0.007,-0.003
"TALL_054-M-9.5-27.5-20171101",2017-11-01 14:41:00,"TALL_054-M-9.5-27.5",0.261,0.149,0.411,NA,NA
"TALL_054-M-9.5-30-20210401",2021-04-01 14:11:00,"TALL_054-M-9.5-30",0.642,0.651,1.294,0.034,0.023
